timestamp,user_id,session_id,event_name,string_props,numeric_props,os_name,os_version,locale,app_version,app_build_number,engine_name,engine_version,country_code,country_name,region_name
2024-05-21 12:28:50,CEA1CF37503D8C54,171629434903364584,Weapons Shop,"{""Number Of Times Weapons Rerolled"":""0"",""Number Of Weapons Combined And Sold"":""0""}",{},Windows,Windows 11  (10.0.22631) 64bit,en-us,1,,,,TR,Turkey,Bursa Province
2024-05-21 12:28:50,CEA1CF37503D8C54,171629434903364584,Weapon Chosen,"{""Weapon Chosen"":""Peeler""}",{},Windows,Windows 11  (10.0.22631) 64bit,en-us,1,,,,TR,Turkey,Bursa Province
2024-05-21 12:28:50,CEA1CF37503D8C54,171629434903364584,Weapon Chosen,"{""Weapon Chosen"":""Peeler""}",{},Windows,Windows 11  (10.0.22631) 64bit,en-us,1,,,,TR,Turkey,Bursa Province
2024-05-21 12:28:50,CEA1CF37503D8C54,171629434903364584,Weapon Chosen,"{""Weapon Chosen"":""Peeler""}",{},Windows,Windows 11  (10.0.22631) 64bit,en-us,1,,,,TR,Turkey,Bursa Province
2024-05-21 12:28:50,CEA1CF37503D8C54,171629434903364584,Number Of Waves Revealed,"{""Reveal Amount"":""0""}",{},Windows,Windows 11  (10.0.22631) 64bit,en-us,1,,,,TR,Turkey,Bursa Province
2024-05-21 12:28:49,CEA1CF37503D8C54,171629434903364584,Player Death,"{""Enemy That Killed Player"":"""",""Wave That Player Died On"":""0"",""Wave Type That Player Died On"":""""}",{},Windows,Windows 11  (10.0.22631) 64bit,en-us,1,,,,TR,Turkey,Bursa Province
2024-05-21 12:28:49,CEA1CF37503D8C54,171629434903364584,Main Menu Selections,"{""Class Selected"":""Executive Chef"",""Difficulty Selected"":""Easy""}",{},Windows,Windows 11  (10.0.22631) 64bit,en-us,1,,,,TR,Turkey,Bursa Province
2024-05-21 12:28:49,CEA1CF37503D8C54,171629434903364584,Hiring Booth,"{""Number Of Assistants Fired"":""0"",""Number Of Times Assistants Rerolled"":""0""}",{},Windows,Windows 11  (10.0.22631) 64bit,en-us,1,,,,TR,Turkey,Bursa Province
2024-05-21 12:28:49,CEA1CF37503D8C54,171629434903364584,Beat The Run,"{""Boss Killed"":""""}",{},Windows,Windows 11  (10.0.22631) 64bit,en-us,1,,,,TR,Turkey,Bursa Province
2024-05-21 12:28:49,CEA1CF37503D8C54,171629434903364584,Assistant Chosen,"{""Assistant Chosen"":""Vegetable Assistant""}",{},Windows,Windows 11  (10.0.22631) 64bit,en-us,1,,,,TR,Turkey,Bursa Province
2024-05-21 12:28:49,CEA1CF37503D8C54,171629434903364584,Amount Of Time Per Run,"{""Runtime"":""0""}",{},Windows,Windows 11  (10.0.22631) 64bit,en-us,1,,,,TR,Turkey,Bursa Province
2024-05-20 21:13:40,131B0A77A07DD552,171623961587431096,Wave Breakdown,"{""Enemy Groups"":""Banana Split - Cluster,Pomegrenade,Cuecumber,Banana Split - Cluster,Key Wi - Cluster,Banana Split,Cuecumber,Banana Split,Cuecumber,Pomegrenade"",""Money Earned"":""359"",""Wave Number"":""38"",""Wave Type"":""Elite""}",{},Windows,Windows 10  (10.0.19045) 64bit,de-de,1,,,,DE,Germany,Land Berlin
2024-05-20 21:13:40,131B0A77A07DD552,171623961587431096,Wave Breakdown,"{""Enemy Groups"":""Ghost Pepper,Burgerlar,Crew Ton,Ground Beef,Skirt Steak - Cluster,Pork Chop,Cereal Killer - Cluster Cage,Burgerlar,Burgerlar,Draft Beer"",""Money Earned"":""122"",""Wave Number"":""37"",""Wave Type"":""Normal""}",{},Windows,Windows 10  (10.0.19045) 64bit,de-de,1,,,,DE,Germany,Land Berlin
2024-05-20 21:13:40,131B0A77A07DD552,171623961587431096,Wave Breakdown,"{""Enemy Groups"":""Eye Scream,Eye Scream,Yo Yogurt - Cluster,Eye Scream,Yo Yogurt - Regular,Yo Yogurt - Cluster,Eye Scream,Yo Yogurt - Regular,Yo Yogurt - Cluster,Yo Yogurt - Cluster"",""Money Earned"":""371"",""Wave Number"":""36"",""Wave Type"":""Elite""}",{},Windows,Windows 10  (10.0.19045) 64bit,de-de,1,,,,DE,Germany,Land Berlin
2024-05-20 21:13:40,131B0A77A07DD552,171623961587431096,Wave Breakdown,"{""Enemy Groups"":""Cereal Killer - Cluster Cage,Cereal Killer - Cage,Draft Beer,Burgerlar,Cereal Killer - Cluster,Cereal Killer - Cage,Draft Beer,Draft Beer,Crew Ton,Draft Beer"",""Money Earned"":""186"",""Wave Number"":""35"",""Wave Type"":""Normal""}",{},Windows,Windows 10  (10.0.19045) 64bit,de-de,1,,,,DE,Germany,Land Berlin
2024-05-20 21:13:40,131B0A77A07DD552,171623961587431096,Wave Breakdown,"{""Enemy Groups"":""Cereal Killer - Cage,Sau Sage,Cereal Killer - Cluster,Sau Sage,Ground Beef,Ghost Pepper,Burgerlar,Hot Dog,Cab Bage - Cage,Toma Toe"",""Money Earned"":""347"",""Wave Number"":""34"",""Wave Type"":""Elite""}",{},Windows,Windows 10  (10.0.19045) 64bit,de-de,1,,,,DE,Germany,Land Berlin
2024-05-20 21:13:40,131B0A77A07DD552,171623961587431096,Wave Breakdown,"{""Enemy Groups"":""Banana Split - Cluster,Sage,Straw Berry,Granny Smith Apple,Pomegrenade,Banana Split - Cluster,Key Wi - Cluster,Banana Split,Toma Toe,Key Wi - Cluster"",""Money Earned"":""203"",""Wave Number"":""33"",""Wave Type"":""Elite""}",{},Windows,Windows 10  (10.0.19045) 64bit,de-de,1,,,,DE,Germany,Land Berlin
2024-05-20 21:13:40,131B0A77A07DD552,171623961587431096,Wave Breakdown,"{""Enemy Groups"":""Granny Smith Apple,Banana Split - Cluster,Pump Kin - Cluster,Toma Toe,Eye Scream,Straw Berry,Whipped Cream,Key Wi - Cluster,Banana Split,Pump Kin"",""Money Earned"":""177"",""Wave Number"":""32"",""Wave Type"":""Elite""}",{},Windows,Windows 10  (10.0.19045) 64bit,de-de,1,,,,DE,Germany,Land Berlin
2024-05-20 21:13:40,131B0A77A07DD552,171623961587431096,Wave Breakdown,"{""Enemy Groups"":""Banana Split,Pump Kin,Skirt Steak - Cluster,Yo Yogurt - Regular,Draft Beer,Pomegrenade,Yo Yogurt - Regular,Cereal Killer - Cluster,Yo Yogurt - Regular,Whipped Cream"",""Money Earned"":""191"",""Wave Number"":""31"",""Wave Type"":""Horde""}",{},Windows,Windows 10  (10.0.19045) 64bit,de-de,1,,,,DE,Germany,Land Berlin
2024-05-20 21:13:40,131B0A77A07DD552,171623961587431096,Wave Breakdown,"{""Enemy Groups"":""Yo Yogurt - Cluster,Yo Yogurt - Cluster,Yo Yogurt - Cluster,Yo Yogurt - Regular,Whipped Cream,Yo Yogurt - Regular,Cab Bage - Cage,Ghost Pepper,Whipped Cream,Pump Kin"",""Money Earned"":""224"",""Wave Number"":""30"",""Wave Type"":""Normal""}",{},Windows,Windows 10  (10.0.19045) 64bit,de-de,1,,,,DE,Germany,Land Berlin
2024-05-20 21:13:40,131B0A77A07DD552,171623961587431096,Wave Breakdown,"{""Enemy Groups"":""Draft Beer,Whipped Cream,Granny Smith Apple,Banana Split,Granny Smith Apple,Granny Smith Apple,Draft Beer,Pomegrenade,Whipped Cream,Banana Split"",""Money Earned"":""238"",""Wave Number"":""29"",""Wave Type"":""Normal""}",{},Windows,Windows 10  (10.0.19045) 64bit,de-de,1,,,,DE,Germany,Land Berlin
2024-05-20 21:13:40,131B0A77A07DD552,171623961587431096,Wave Breakdown,"{""Enemy Groups"":""Banana Split,Pump Kin,Hot Dog,Eye Scream,Draft Beer,Hot Dog,Burgerlar,Eye Scream,Straw Berry,Pork Chop"",""Money Earned"":""69"",""Wave Number"":""28"",""Wave Type"":""Horde""}",{},Windows,Windows 10  (10.0.19045) 64bit,de-de,1,,,,DE,Germany,Land Berlin
2024-05-20 21:13:40,131B0A77A07DD552,171623961587431096,Wave Breakdown,"{""Enemy Groups"":""Banana Split,Ghost Pepper,Pork Chop,Yo Yogurt - Regular,Burgerlar,Yo Yogurt - Regular,Hot Dog,Toma Toe,Yo Yogurt - Regular,Pump Kin"",""Money Earned"":""128"",""Wave Number"":""27"",""Wave Type"":""Horde""}",{},Windows,Windows 10  (10.0.19045) 64bit,de-de,1,,,,DE,Germany,Land Berlin
2024-05-20 21:13:40,131B0A77A07DD552,171623961587431096,Wave Breakdown,"{""Enemy Groups"":""Banana Split,Cuecumber,Cuecumber,Pomegrenade,Granny Smith Apple,Straw Berry,Banana Split,Straw Berry,Pomegrenade,Banana Split"",""Money Earned"":""225"",""Wave Number"":""26"",""Wave Type"":""Normal""}",{},Windows,Windows 10  (10.0.19045) 64bit,de-de,1,,,,DE,Germany,Land Berlin
2024-05-20 21:13:40,131B0A77A07DD552,171623961587431096,Wave Breakdown,"{""Enemy Groups"":""Burgerlar,Crew Ton,Cereal Killer - Cluster Cage,Crew Ton,Burgerlar,Cereal Killer - Cage,Cereal Killer - Cluster Cage,Cereal Killer - Cluster,Cereal Killer - Cage,Cereal Killer -..."",""Money Earned"":""194"",""Wave Number"":""25"",""Wave Type"":""Elite""}",{},Windows,Windows 10  (10.0.19045) 64bit,de-de,1,,,,DE,Germany,Land Berlin
2024-05-20 21:13:40,131B0A77A07DD552,171623961587431096,Wave Breakdown,"{""Enemy Groups"":""Straw Berry,Toma Toe,Skirt Steak - Cluster,Yo Yogurt - Regular,Cereal Killer - Cluster,Key Wi - Cluster,Crew Ton,Pump Kin - Cluster,Straw Berry,Yo Yogurt - Regular"",""Money Earned"":""185"",""Wave Number"":""24"",""Wave Type"":""Horde""}",{},Windows,Windows 10  (10.0.19045) 64bit,de-de,1,,,,DE,Germany,Land Berlin
2024-05-20 21:13:40,131B0A77A07DD552,171623961587431096,Wave Breakdown,"{""Enemy Groups"":""Pomegrenade,Banana Split - Cluster,Banana Split,Granny Smith Apple,Straw Berry,Cuecumber,Banana Split - Cluster,Pomegrenade,Banana Split - Cluster,Cuecumber"",""Money Earned"":""414"",""Wave Number"":""23"",""Wave Type"":""Elite""}",{},Windows,Windows 10  (10.0.19045) 64bit,de-de,1,,,,DE,Germany,Land Berlin
2024-05-20 21:13:40,131B0A77A07DD552,171623961587431096,Wave Breakdown,"{""Enemy Groups"":""Cereal Killer - Cluster Cage,Pump Kin,Burgerlar,Toma Toe,Cab Bage - Cage,Pump Kin - Cluster,Sage,Ghost Pepper,Cereal Killer - Cluster Cage,Pump Kin"",""Money Earned"":""202"",""Wave Number"":""22"",""Wave Type"":""Elite""}",{},Windows,Windows 10  (10.0.19045) 64bit,de-de,1,,,,DE,Germany,Land Berlin
2024-05-20 21:13:40,131B0A77A07DD552,171623961587431096,Wave Breakdown,"{""Enemy Groups"":""Pomegrenade,Toma Toe,Hot Dog,Yo Yogurt - Regular,Cereal Killer - Cluster,Pump Kin - Cluster,Yo Yogurt - Regular,Pump Kin,Banana Split - Cluster,Banana Split - Cluster"",""Money Earned"":""168"",""Wave Number"":""21"",""Wave Type"":""Horde""}",{},Windows,Windows 10  (10.0.19045) 64bit,de-de,1,,,,DE,Germany,Land Berlin
2024-05-20 21:13:40,131B0A77A07DD552,171623961587431096,Wave Breakdown,"{""Enemy Groups"":""Cereal Killer - Cluster Cage,Draft Beer,Yo Yogurt - Cluster,Toma Toe,Ghost Pepper,Toma Toe,Cab Bage - Cage,Crew Ton,Cereal Killer - Cluster,Cereal Killer - Cage"",""Money Earned"":""270"",""Wave Number"":""20"",""Wave Type"":""Elite""}",{},Windows,Windows 10  (10.0.19045) 64bit,de-de,1,,,,DE,Germany,Land Berlin
2024-05-20 21:13:39,131B0A77A07DD552,171623961587431096,Weapon Chosen,"{""Weapon Chosen"":""Dessert Eagle""}",{},Windows,Windows 10  (10.0.19045) 64bit,de-de,1,,,,DE,Germany,Land Berlin
2024-05-20 21:13:39,131B0A77A07DD552,171623961587431096,Wave Breakdown,"{""Enemy Groups"":""Cereal Killer - Cage,Cereal Killer - Cluster,Crew Ton,Crew Ton,Cereal Killer - Cage,Burgerlar,Cereal Killer - Cluster Cage,Draft Beer,Burgerlar,Cereal Killer - Cage"",""Money Earned"":""355"",""Wave Number"":""19"",""Wave Type"":""Elite""}",{},Windows,Windows 10  (10.0.19045) 64bit,de-de,1,,,,DE,Germany,Land Berlin
2024-05-20 21:13:39,131B0A77A07DD552,171623961587431096,Wave Breakdown,"{""Enemy Groups"":""Cuecumber,Sage,Hot Dog,Yo Yogurt - Regular,Cereal Killer - Cluster,Granny Smith Apple,Ground Beef,Crew Ton,Toma Toe"",""Money Earned"":""208"",""Wave Number"":""18"",""Wave Type"":""Horde""}",{},Windows,Windows 10  (10.0.19045) 64bit,de-de,1,,,,DE,Germany,Land Berlin
2024-05-20 21:13:39,131B0A77A07DD552,171623961587431096,Wave Breakdown,"{""Enemy Groups"":""Straw Berry,Sage,Pork Chop,Whipped Cream,Crew Ton,Cereal Killer - Cage,Ghost Pepper,Straw Berry,Enemy Cheeses"",""Money Earned"":""181"",""Wave Number"":""17"",""Wave Type"":""Horde""}",{},Windows,Windows 10  (10.0.19045) 64bit,de-de,1,,,,DE,Germany,Land Berlin
2024-05-20 21:13:39,131B0A77A07DD552,171623961587431096,Wave Breakdown,"{""Enemy Groups"":""Straw Berry,Pump Kin - Cluster,Hot Dog,Eye Scream,Crew Ton,Whipped Cream,Whipped Cream,Pork Chop"",""Money Earned"":""159"",""Wave Number"":""16"",""Wave Type"":""Horde""}",{},Windows,Windows 10  (10.0.19045) 64bit,de-de,1,,,,DE,Germany,Land Berlin
2024-05-20 21:13:39,131B0A77A07DD552,171623961587431096,Wave Breakdown,"{""Enemy Groups"":""Cuecumber,Toma Toe,Hot Dog,Enemy Cheeses,Draft Beer,Key Wi - Regular,Burgerlar,Pomegrenade"",""Money Earned"":""144"",""Wave Number"":""15"",""Wave Type"":""Horde""}",{},Windows,Windows 10  (10.0.19045) 64bit,de-de,1,,,,DE,Germany,Land Berlin
2024-05-20 21:13:39,131B0A77A07DD552,171623961587431096,Wave Breakdown,"{""Enemy Groups"":""Toma Toe,Ghost Pepper,Toma Toe,Pump Kin,Cab Bage - Cage,Ghost Pepper,Toma Toe"",""Money Earned"":""208"",""Wave Number"":""14"",""Wave Type"":""Normal""}",{},Windows,Windows 10  (10.0.19045) 64bit,de-de,1,,,,DE,Germany,Land Berlin
2024-05-20 21:13:39,131B0A77A07DD552,171623961587431096,Wave Breakdown,"{""Enemy Groups"":""Toma Toe,Cereal Killer - Regular,Toma Toe,Cereal Killer - Cage,Cereal Killer - Cluster Cage,Cereal Killer - Cluster,Cereal Killer - Cluster"",""Money Earned"":""233"",""Wave Number"":""13"",""Wave Type"":""Normal""}",{},Windows,Windows 10  (10.0.19045) 64bit,de-de,1,,,,DE,Germany,Land Berlin
2024-05-20 21:13:39,131B0A77A07DD552,171623961587431096,Wave Breakdown,"{""Enemy Groups"":""Straw Berry,Toma Toe,Skirt Steak - Cluster,Whipped Cream,Burgerlar,Cereal Killer - Cluster"",""Money Earned"":""96"",""Wave Number"":""12"",""Wave Type"":""Horde""}",{},Windows,Windows 10  (10.0.19045) 64bit,de-de,1,,,,DE,Germany,Land Berlin
2024-05-20 21:13:39,131B0A77A07DD552,171623961587431096,Wave Breakdown,"{""Enemy Groups"":""Skirt Steak - Regular,Hot Dog,Enemy Cheeses,Enemy Cheeses,Skirt Steak - Regular,Skirt Steak - Regular"",""Money Earned"":""163"",""Wave Number"":""11"",""Wave Type"":""Elite""}",{},Windows,Windows 10  (10.0.19045) 64bit,de-de,1,,,,DE,Germany,Land Berlin
2024-05-20 21:13:39,131B0A77A07DD552,171623961587431096,Wave Breakdown,"{""Enemy Groups"":""Couch Potato"",""Money Earned"":""0"",""Wave Number"":""10"",""Wave Type"":""Boss""}",{},Windows,Windows 10  (10.0.19045) 64bit,de-de,1,,,,DE,Germany,Land Berlin
2024-05-20 21:13:39,131B0A77A07DD552,171623961587431096,Wave Breakdown,"{""Enemy Groups"":""Banana Split - Cluster,Ghost Pepper,Skirt Steak - Regular,Enemy Cheeses,Cereal Killer - Regular"",""Money Earned"":""98"",""Wave Number"":""9"",""Wave Type"":""Horde""}",{},Windows,Windows 10  (10.0.19045) 64bit,de-de,1,,,,DE,Germany,Land Berlin
2024-05-20 21:13:39,131B0A77A07DD552,171623961587431096,Wave Breakdown,"{""Enemy Groups"":""Key Wi - Regular,Straw Berry,Straw Berry,Pomegrenade"",""Money Earned"":""57"",""Wave Number"":""8"",""Wave Type"":""Normal""}",{},Windows,Windows 10  (10.0.19045) 64bit,de-de,1,,,,DE,Germany,Land Berlin
2024-05-20 21:13:39,131B0A77A07DD552,171623961587431096,Wave Breakdown,"{""Enemy Groups"":""Key Wi - Regular,Hot Dog,Hot Dog,Hot Dog"",""Money Earned"":""85"",""Wave Number"":""7"",""Wave Type"":""Normal""}",{},Windows,Windows 10  (10.0.19045) 64bit,de-de,1,,,,DE,Germany,Land Berlin
2024-05-20 21:13:39,131B0A77A07DD552,171623961587431096,Wave Breakdown,"{""Enemy Groups"":""Granny Smith Apple,Skirt Steak - Regular,Skirt Steak - Regular"",""Money Earned"":""25"",""Wave Number"":""6"",""Wave Type"":""Normal""}",{},Windows,Windows 10  (10.0.19045) 64bit,de-de,1,,,,DE,Germany,Land Berlin
2024-05-20 21:13:39,131B0A77A07DD552,171623961587431096,Wave Breakdown,"{""Enemy Groups"":""Ghost Pepper,Straw Berry,Ghost Pepper"",""Money Earned"":""37"",""Wave Number"":""5"",""Wave Type"":""Normal""}",{},Windows,Windows 10  (10.0.19045) 64bit,de-de,1,,,,DE,Germany,Land Berlin
2024-05-20 21:13:39,131B0A77A07DD552,171623961587431096,Wave Breakdown,"{""Enemy Groups"":""Ghost Pepper,Toma Toe"",""Money Earned"":""24"",""Wave Number"":""4"",""Wave Type"":""Normal""}",{},Windows,Windows 10  (10.0.19045) 64bit,de-de,1,,,,DE,Germany,Land Berlin
2024-05-20 21:13:39,131B0A77A07DD552,171623961587431096,Wave Breakdown,"{""Enemy Groups"":""Cereal Killer - Cluster Cage,Cereal Killer - Regular"",""Money Earned"":""26"",""Wave Number"":""3"",""Wave Type"":""Normal""}",{},Windows,Windows 10  (10.0.19045) 64bit,de-de,1,,,,DE,Germany,Land Berlin
2024-05-20 21:13:39,131B0A77A07DD552,171623961587431096,Wave Breakdown,"{""Enemy Groups"":""Enemy Cheeses"",""Money Earned"":""25"",""Wave Number"":""2"",""Wave Type"":""Normal""}",{},Windows,Windows 10  (10.0.19045) 64bit,de-de,1,,,,DE,Germany,Land Berlin
2024-05-20 21:13:39,131B0A77A07DD552,171623961587431096,Wave Breakdown,"{""Enemy Groups"":""Key Wi - Regular"",""Money Earned"":""9"",""Wave Number"":""1"",""Wave Type"":""Normal""}",{},Windows,Windows 10  (10.0.19045) 64bit,de-de,1,,,,DE,Germany,Land Berlin
2024-05-20 21:13:39,131B0A77A07DD552,171623961587431096,Number Of Waves Revealed,"{""Reveal Amount"":""0""}",{},Windows,Windows 10  (10.0.19045) 64bit,de-de,1,,,,DE,Germany,Land Berlin
2024-05-20 21:13:38,131B0A77A07DD552,171623961587431096,Weapon Chosen,"{""Weapon Chosen"":""Dessert Eagle""}",{},Windows,Windows 10  (10.0.19045) 64bit,de-de,1,,,,DE,Germany,Land Berlin
2024-05-20 21:13:38,131B0A77A07DD552,171623961587431096,Weapon Chosen,"{""Weapon Chosen"":""Corkscrew""}",{},Windows,Windows 10  (10.0.19045) 64bit,de-de,1,,,,DE,Germany,Land Berlin
2024-05-20 21:13:38,131B0A77A07DD552,171623961587431096,Weapon Chosen,"{""Weapon Chosen"":""Salt Rifle""}",{},Windows,Windows 10  (10.0.19045) 64bit,de-de,1,,,,DE,Germany,Land Berlin
2024-05-20 21:13:38,131B0A77A07DD552,171623961587431096,Weapon Chosen,"{""Weapon Chosen"":""Carrot M82""}",{},Windows,Windows 10  (10.0.19045) 64bit,de-de,1,,,,DE,Germany,Land Berlin
2024-05-20 21:13:38,131B0A77A07DD552,171623961587431096,Weapon Chosen,"{""Weapon Chosen"":""Carrot M82""}",{},Windows,Windows 10  (10.0.19045) 64bit,de-de,1,,,,DE,Germany,Land Berlin
2024-05-20 21:13:38,131B0A77A07DD552,171623961587431096,Weapon Chosen,"{""Weapon Chosen"":""Salt Rifle""}",{},Windows,Windows 10  (10.0.19045) 64bit,de-de,1,,,,DE,Germany,Land Berlin
2024-05-20 21:13:38,131B0A77A07DD552,171623961587431096,Weapon Chosen,"{""Weapon Chosen"":""Italian Sub Machine Gun""}",{},Windows,Windows 10  (10.0.19045) 64bit,de-de,1,,,,DE,Germany,Land Berlin
2024-05-20 21:13:38,131B0A77A07DD552,171623961587431096,Weapon Chosen,"{""Weapon Chosen"":""Italian Sub Machine Gun""}",{},Windows,Windows 10  (10.0.19045) 64bit,de-de,1,,,,DE,Germany,Land Berlin
2024-05-20 21:13:38,131B0A77A07DD552,171623961587431096,Weapon Chosen,"{""Weapon Chosen"":""Peashooter""}",{},Windows,Windows 10  (10.0.19045) 64bit,de-de,1,,,,DE,Germany,Land Berlin
2024-05-20 21:13:38,131B0A77A07DD552,171623961587431096,Weapon Chosen,"{""Weapon Chosen"":""Dessert Eagle""}",{},Windows,Windows 10  (10.0.19045) 64bit,de-de,1,,,,DE,Germany,Land Berlin
2024-05-20 21:13:38,131B0A77A07DD552,171623961587431096,Weapon Chosen,"{""Weapon Chosen"":""Dessert Eagle""}",{},Windows,Windows 10  (10.0.19045) 64bit,de-de,1,,,,DE,Germany,Land Berlin
2024-05-20 21:13:38,131B0A77A07DD552,171623961587431096,Weapon Chosen,"{""Weapon Chosen"":""Carrot M82""}",{},Windows,Windows 10  (10.0.19045) 64bit,de-de,1,,,,DE,Germany,Land Berlin
2024-05-20 21:13:38,131B0A77A07DD552,171623961587431096,Weapon Chosen,"{""Weapon Chosen"":""Italian Sub Machine Gun""}",{},Windows,Windows 10  (10.0.19045) 64bit,de-de,1,,,,DE,Germany,Land Berlin
2024-05-20 21:13:38,131B0A77A07DD552,171623961587431096,Weapon Chosen,"{""Weapon Chosen"":""Italian Sub Machine Gun""}",{},Windows,Windows 10  (10.0.19045) 64bit,de-de,1,,,,DE,Germany,Land Berlin
2024-05-20 21:13:38,131B0A77A07DD552,171623961587431096,Weapon Chosen,"{""Weapon Chosen"":""Carrot M82""}",{},Windows,Windows 10  (10.0.19045) 64bit,de-de,1,,,,DE,Germany,Land Berlin
2024-05-20 21:13:38,131B0A77A07DD552,171623961587431096,Weapon Chosen,"{""Weapon Chosen"":""Skewer""}",{},Windows,Windows 10  (10.0.19045) 64bit,de-de,1,,,,DE,Germany,Land Berlin
2024-05-20 21:13:38,131B0A77A07DD552,171623961587431096,Weapon Chosen,"{""Weapon Chosen"":""Salt Rifle""}",{},Windows,Windows 10  (10.0.19045) 64bit,de-de,1,,,,DE,Germany,Land Berlin
2024-05-20 21:13:38,131B0A77A07DD552,171623961587431096,Weapon Chosen,"{""Weapon Chosen"":""Carrot M82""}",{},Windows,Windows 10  (10.0.19045) 64bit,de-de,1,,,,DE,Germany,Land Berlin
2024-05-20 21:13:38,131B0A77A07DD552,171623961587431096,Weapon Chosen,"{""Weapon Chosen"":""Dessert Eagle""}",{},Windows,Windows 10  (10.0.19045) 64bit,de-de,1,,,,DE,Germany,Land Berlin
2024-05-20 21:13:38,131B0A77A07DD552,171623961587431096,Weapon Chosen,"{""Weapon Chosen"":""Hot Crossbow""}",{},Windows,Windows 10  (10.0.19045) 64bit,de-de,1,,,,DE,Germany,Land Berlin
2024-05-20 21:13:37,131B0A77A07DD552,171623961587431096,Weapon Chosen,"{""Weapon Chosen"":""Corkscrew""}",{},Windows,Windows 10  (10.0.19045) 64bit,de-de,1,,,,DE,Germany,Land Berlin
2024-05-20 21:13:37,131B0A77A07DD552,171623961587431096,Weapon Chosen,"{""Weapon Chosen"":""Salt Rifle""}",{},Windows,Windows 10  (10.0.19045) 64bit,de-de,1,,,,DE,Germany,Land Berlin
2024-05-20 21:13:37,131B0A77A07DD552,171623961587431096,Weapon Chosen,"{""Weapon Chosen"":""Salt Rifle""}",{},Windows,Windows 10  (10.0.19045) 64bit,de-de,1,,,,DE,Germany,Land Berlin
2024-05-20 21:13:37,131B0A77A07DD552,171623961587431096,Weapon Chosen,"{""Weapon Chosen"":""Guacamortar""}",{},Windows,Windows 10  (10.0.19045) 64bit,de-de,1,,,,DE,Germany,Land Berlin
2024-05-20 21:13:37,131B0A77A07DD552,171623961587431096,Weapon Chosen,"{""Weapon Chosen"":""Guacamortar""}",{},Windows,Windows 10  (10.0.19045) 64bit,de-de,1,,,,DE,Germany,Land Berlin
2024-05-20 21:13:37,131B0A77A07DD552,171623961587431096,Weapon Chosen,"{""Weapon Chosen"":""Corkscrew""}",{},Windows,Windows 10  (10.0.19045) 64bit,de-de,1,,,,DE,Germany,Land Berlin
2024-05-20 21:13:37,131B0A77A07DD552,171623961587431096,Weapon Chosen,"{""Weapon Chosen"":""Dessert Eagle""}",{},Windows,Windows 10  (10.0.19045) 64bit,de-de,1,,,,DE,Germany,Land Berlin
2024-05-20 21:13:37,131B0A77A07DD552,171623961587431096,Weapon Chosen,"{""Weapon Chosen"":""Skewer""}",{},Windows,Windows 10  (10.0.19045) 64bit,de-de,1,,,,DE,Germany,Land Berlin
2024-05-20 21:13:37,131B0A77A07DD552,171623961587431096,Weapon Chosen,"{""Weapon Chosen"":""Pepper Spray""}",{},Windows,Windows 10  (10.0.19045) 64bit,de-de,1,,,,DE,Germany,Land Berlin
2024-05-20 21:13:37,131B0A77A07DD552,171623961587431096,Weapon Chosen,"{""Weapon Chosen"":""Pepper Spray""}",{},Windows,Windows 10  (10.0.19045) 64bit,de-de,1,,,,DE,Germany,Land Berlin
2024-05-20 21:13:37,131B0A77A07DD552,171623961587431096,Weapon Chosen,"{""Weapon Chosen"":""Hot Crossbow""}",{},Windows,Windows 10  (10.0.19045) 64bit,de-de,1,,,,DE,Germany,Land Berlin
2024-05-20 21:13:37,131B0A77A07DD552,171623961587431096,Weapon Chosen,"{""Weapon Chosen"":""Salt Rifle""}",{},Windows,Windows 10  (10.0.19045) 64bit,de-de,1,,,,DE,Germany,Land Berlin
2024-05-20 21:13:37,131B0A77A07DD552,171623961587431096,Weapon Chosen,"{""Weapon Chosen"":""Skewer""}",{},Windows,Windows 10  (10.0.19045) 64bit,de-de,1,,,,DE,Germany,Land Berlin
2024-05-20 21:13:37,131B0A77A07DD552,171623961587431096,Weapon Chosen,"{""Weapon Chosen"":""Rocket Propelled Gravy""}",{},Windows,Windows 10  (10.0.19045) 64bit,de-de,1,,,,DE,Germany,Land Berlin
2024-05-20 21:13:37,131B0A77A07DD552,171623961587431096,Weapon Chosen,"{""Weapon Chosen"":""Carrot M82""}",{},Windows,Windows 10  (10.0.19045) 64bit,de-de,1,,,,DE,Germany,Land Berlin
2024-05-20 21:13:37,131B0A77A07DD552,171623961587431096,Weapon Chosen,"{""Weapon Chosen"":""Corkscrew""}",{},Windows,Windows 10  (10.0.19045) 64bit,de-de,1,,,,DE,Germany,Land Berlin
2024-05-20 21:13:37,131B0A77A07DD552,171623961587431096,Weapon Chosen,"{""Weapon Chosen"":""Guacamortar""}",{},Windows,Windows 10  (10.0.19045) 64bit,de-de,1,,,,DE,Germany,Land Berlin
2024-05-20 21:13:37,131B0A77A07DD552,171623961587431096,Weapon Chosen,"{""Weapon Chosen"":""Rocket Propelled Gravy""}",{},Windows,Windows 10  (10.0.19045) 64bit,de-de,1,,,,DE,Germany,Land Berlin
2024-05-20 21:13:37,131B0A77A07DD552,171623961587431096,Weapon Chosen,"{""Weapon Chosen"":""Peashooter""}",{},Windows,Windows 10  (10.0.19045) 64bit,de-de,1,,,,DE,Germany,Land Berlin
2024-05-20 21:13:37,131B0A77A07DD552,171623961587431096,Weapon Chosen,"{""Weapon Chosen"":""Hot Crossbow""}",{},Windows,Windows 10  (10.0.19045) 64bit,de-de,1,,,,DE,Germany,Land Berlin
2024-05-20 21:13:36,131B0A77A07DD552,171623961587431096,Weapons Shop,"{""Number Of Times Weapons Rerolled"":""114"",""Number Of Weapons Combined And Sold"":""33""}",{},Windows,Windows 10  (10.0.19045) 64bit,de-de,1,,,,DE,Germany,Land Berlin
2024-05-20 21:13:36,131B0A77A07DD552,171623961587431096,Weapon Chosen,"{""Weapon Chosen"":""Hot Crossbow""}",{},Windows,Windows 10  (10.0.19045) 64bit,de-de,1,,,,DE,Germany,Land Berlin
2024-05-20 21:13:36,131B0A77A07DD552,171623961587431096,Weapon Chosen,"{""Weapon Chosen"":""Rolling Pin""}",{},Windows,Windows 10  (10.0.19045) 64bit,de-de,1,,,,DE,Germany,Land Berlin
2024-05-20 21:13:36,131B0A77A07DD552,171623961587431096,Weapon Chosen,"{""Weapon Chosen"":""Dessert Eagle""}",{},Windows,Windows 10  (10.0.19045) 64bit,de-de,1,,,,DE,Germany,Land Berlin
2024-05-20 21:13:36,131B0A77A07DD552,171623961587431096,Weapon Chosen,"{""Weapon Chosen"":""Rolling Pin""}",{},Windows,Windows 10  (10.0.19045) 64bit,de-de,1,,,,DE,Germany,Land Berlin
2024-05-20 21:13:36,131B0A77A07DD552,171623961587431096,Weapon Chosen,"{""Weapon Chosen"":""Rolling Pin""}",{},Windows,Windows 10  (10.0.19045) 64bit,de-de,1,,,,DE,Germany,Land Berlin
2024-05-20 21:13:36,131B0A77A07DD552,171623961587431096,Weapon Chosen,"{""Weapon Chosen"":""Spatula""}",{},Windows,Windows 10  (10.0.19045) 64bit,de-de,1,,,,DE,Germany,Land Berlin
2024-05-20 21:13:36,131B0A77A07DD552,171623961587431096,Weapon Chosen,"{""Weapon Chosen"":""Dessert Eagle""}",{},Windows,Windows 10  (10.0.19045) 64bit,de-de,1,,,,DE,Germany,Land Berlin
2024-05-20 21:13:36,131B0A77A07DD552,171623961587431096,Weapon Chosen,"{""Weapon Chosen"":""Corkscrew""}",{},Windows,Windows 10  (10.0.19045) 64bit,de-de,1,,,,DE,Germany,Land Berlin
2024-05-20 21:13:36,131B0A77A07DD552,171623961587431096,Weapon Chosen,"{""Weapon Chosen"":""Dessert Eagle""}",{},Windows,Windows 10  (10.0.19045) 64bit,de-de,1,,,,DE,Germany,Land Berlin
2024-05-20 21:13:36,131B0A77A07DD552,171623961587431096,Weapon Chosen,"{""Weapon Chosen"":""Peashooter""}",{},Windows,Windows 10  (10.0.19045) 64bit,de-de,1,,,,DE,Germany,Land Berlin
2024-05-20 21:13:36,131B0A77A07DD552,171623961587431096,Weapon Chosen,"{""Weapon Chosen"":""Rocket Propelled Gravy""}",{},Windows,Windows 10  (10.0.19045) 64bit,de-de,1,,,,DE,Germany,Land Berlin
2024-05-20 21:13:36,131B0A77A07DD552,171623961587431096,Weapon Chosen,"{""Weapon Chosen"":""Cheese Grater""}",{},Windows,Windows 10  (10.0.19045) 64bit,de-de,1,,,,DE,Germany,Land Berlin
2024-05-20 21:13:36,131B0A77A07DD552,171623961587431096,Weapon Chosen,"{""Weapon Chosen"":""Peashooter""}",{},Windows,Windows 10  (10.0.19045) 64bit,de-de,1,,,,DE,Germany,Land Berlin
2024-05-20 21:13:36,131B0A77A07DD552,171623961587431096,Weapon Chosen,"{""Weapon Chosen"":""Peashooter""}",{},Windows,Windows 10  (10.0.19045) 64bit,de-de,1,,,,DE,Germany,Land Berlin
2024-05-20 21:13:36,131B0A77A07DD552,171623961587431096,Weapon Chosen,"{""Weapon Chosen"":""Cheese Grater""}",{},Windows,Windows 10  (10.0.19045) 64bit,de-de,1,,,,DE,Germany,Land Berlin
2024-05-20 21:13:36,131B0A77A07DD552,171623961587431096,Weapon Chosen,"{""Weapon Chosen"":""Colt Piethon""}",{},Windows,Windows 10  (10.0.19045) 64bit,de-de,1,,,,DE,Germany,Land Berlin
2024-05-20 21:13:36,131B0A77A07DD552,171623961587431096,Assistant Chosen,"{""Assistant Chosen"":""One Trick Assistant""}",{},Windows,Windows 10  (10.0.19045) 64bit,de-de,1,,,,DE,Germany,Land Berlin
2024-05-20 21:13:35,131B0A77A07DD552,171623961587431096,Player Death,"{""Enemy That Killed Player"":""Yo Yogurt"",""Wave That Player Died On"":""39"",""Wave Type That Player Died On"":""Normal""}",{},Windows,Windows 10  (10.0.19045) 64bit,de-de,1,,,,DE,Germany,Land Berlin
2024-05-20 21:13:35,131B0A77A07DD552,171623961587431096,Main Menu Selections,"{""Class Selected"":""Waiter"",""Difficulty Selected"":""Easy""}",{},Windows,Windows 10  (10.0.19045) 64bit,de-de,1,,,,DE,Germany,Land Berlin
2024-05-20 21:13:35,131B0A77A07DD552,171623961587431096,Hiring Booth,"{""Number Of Assistants Fired"":""3"",""Number Of Times Assistants Rerolled"":""0""}",{},Windows,Windows 10  (10.0.19045) 64bit,de-de,1,,,,DE,Germany,Land Berlin
2024-05-20 21:13:35,131B0A77A07DD552,171623961587431096,Beat The Run,"{""Boss Killed"":""Couch Potato""}",{},Windows,Windows 10  (10.0.19045) 64bit,de-de,1,,,,DE,Germany,Land Berlin
2024-05-20 21:13:35,131B0A77A07DD552,171623961587431096,Assistant Chosen,"{""Assistant Chosen"":""One Trick Assistant""}",{},Windows,Windows 10  (10.0.19045) 64bit,de-de,1,,,,DE,Germany,Land Berlin
2024-05-20 21:13:35,131B0A77A07DD552,171623961587431096,Assistant Chosen,"{""Assistant Chosen"":""One Trick Assistant""}",{},Windows,Windows 10  (10.0.19045) 64bit,de-de,1,,,,DE,Germany,Land Berlin
2024-05-20 21:13:35,131B0A77A07DD552,171623961587431096,Assistant Chosen,"{""Assistant Chosen"":""Vegetable Assistant""}",{},Windows,Windows 10  (10.0.19045) 64bit,de-de,1,,,,DE,Germany,Land Berlin
2024-05-20 21:13:35,131B0A77A07DD552,171623961587431096,Assistant Chosen,"{""Assistant Chosen"":""Fruit Assistant""}",{},Windows,Windows 10  (10.0.19045) 64bit,de-de,1,,,,DE,Germany,Land Berlin
2024-05-20 21:13:35,131B0A77A07DD552,171623961587431096,Assistant Chosen,"{""Assistant Chosen"":""Dairy Assistant""}",{},Windows,Windows 10  (10.0.19045) 64bit,de-de,1,,,,DE,Germany,Land Berlin
2024-05-20 21:13:35,131B0A77A07DD552,171623961587431096,Assistant Chosen,"{""Assistant Chosen"":""One Trick Assistant""}",{},Windows,Windows 10  (10.0.19045) 64bit,de-de,1,,,,DE,Germany,Land Berlin
2024-05-20 21:13:35,131B0A77A07DD552,171623961587431096,Amount Of Time Per Run,"{""Runtime"":""5689""}",{},Windows,Windows 10  (10.0.19045) 64bit,de-de,1,,,,DE,Germany,Land Berlin
2024-05-20 19:37:10,131B0A77A07DD552,171623223054309210,Weapon Chosen,"{""Weapon Chosen"":""Italian Sub Machine Gun""}",{},Windows,Windows 10  (10.0.19045) 64bit,de-de,1,,,,DE,Germany,Land Berlin
2024-05-20 19:37:10,131B0A77A07DD552,171623223054309210,Weapon Chosen,"{""Weapon Chosen"":""Italian Sub Machine Gun""}",{},Windows,Windows 10  (10.0.19045) 64bit,de-de,1,,,,DE,Germany,Land Berlin
2024-05-20 19:37:10,131B0A77A07DD552,171623223054309210,Weapon Chosen,"{""Weapon Chosen"":""Rolling Pin""}",{},Windows,Windows 10  (10.0.19045) 64bit,de-de,1,,,,DE,Germany,Land Berlin
2024-05-20 19:37:10,131B0A77A07DD552,171623223054309210,Wave Breakdown,"{""Enemy Groups"":""Straw Berry,Ghost Pepper,Hot Dog,Enemy Cheeses,Crew Ton"",""Money Earned"":""168"",""Wave Number"":""9"",""Wave Type"":""Horde""}",{},Windows,Windows 10  (10.0.19045) 64bit,de-de,1,,,,DE,Germany,Land Berlin
2024-05-20 19:37:10,131B0A77A07DD552,171623223054309210,Wave Breakdown,"{""Enemy Groups"":""Skirt Steak - Regular,Skirt Steak - Regular,Straw Berry,Pork Chop"",""Money Earned"":""93"",""Wave Number"":""8"",""Wave Type"":""Normal""}",{},Windows,Windows 10  (10.0.19045) 64bit,de-de,1,,,,DE,Germany,Land Berlin
2024-05-20 19:37:10,131B0A77A07DD552,171623223054309210,Wave Breakdown,"{""Enemy Groups"":""Cereal Killer - Cage,Cereal Killer - Cluster Cage,Cereal Killer - Cluster Cage,Toma Toe"",""Money Earned"":""149"",""Wave Number"":""7"",""Wave Type"":""Normal""}",{},Windows,Windows 10  (10.0.19045) 64bit,de-de,1,,,,DE,Germany,Land Berlin
2024-05-20 19:37:10,131B0A77A07DD552,171623223054309210,Wave Breakdown,"{""Enemy Groups"":""Whipped Cream,Toma Toe,Cab Bage - Cage"",""Money Earned"":""29"",""Wave Number"":""6"",""Wave Type"":""Normal""}",{},Windows,Windows 10  (10.0.19045) 64bit,de-de,1,,,,DE,Germany,Land Berlin
2024-05-20 19:37:10,131B0A77A07DD552,171623223054309210,Wave Breakdown,"{""Enemy Groups"":""Straw Berry,Key Wi - Regular,Cereal Killer - Regular"",""Money Earned"":""33"",""Wave Number"":""5"",""Wave Type"":""Normal""}",{},Windows,Windows 10  (10.0.19045) 64bit,de-de,1,,,,DE,Germany,Land Berlin
2024-05-20 19:37:10,131B0A77A07DD552,171623223054309210,Wave Breakdown,"{""Enemy Groups"":""Cereal Killer - Cage,Cereal Killer - Regular"",""Money Earned"":""32"",""Wave Number"":""4"",""Wave Type"":""Normal""}",{},Windows,Windows 10  (10.0.19045) 64bit,de-de,1,,,,DE,Germany,Land Berlin
2024-05-20 19:37:10,131B0A77A07DD552,171623223054309210,Wave Breakdown,"{""Enemy Groups"":""Toma Toe,Toma Toe"",""Money Earned"":""22"",""Wave Number"":""3"",""Wave Type"":""Normal""}",{},Windows,Windows 10  (10.0.19045) 64bit,de-de,1,,,,DE,Germany,Land Berlin
2024-05-20 19:37:10,131B0A77A07DD552,171623223054309210,Wave Breakdown,"{""Enemy Groups"":""Pump Kin"",""Money Earned"":""7"",""Wave Number"":""2"",""Wave Type"":""Normal""}",{},Windows,Windows 10  (10.0.19045) 64bit,de-de,1,,,,DE,Germany,Land Berlin
2024-05-20 19:37:10,131B0A77A07DD552,171623223054309210,Wave Breakdown,"{""Enemy Groups"":""Key Wi - Regular"",""Money Earned"":""45"",""Wave Number"":""1"",""Wave Type"":""Normal""}",{},Windows,Windows 10  (10.0.19045) 64bit,de-de,1,,,,DE,Germany,Land Berlin
2024-05-20 19:37:10,131B0A77A07DD552,171623223054309210,Number Of Waves Revealed,"{""Reveal Amount"":""0""}",{},Windows,Windows 10  (10.0.19045) 64bit,de-de,1,,,,DE,Germany,Land Berlin
2024-05-20 19:37:09,131B0A77A07DD552,171623223054309210,Weapons Shop,"{""Number Of Times Weapons Rerolled"":""5"",""Number Of Weapons Combined And Sold"":""3""}",{},Windows,Windows 10  (10.0.19045) 64bit,de-de,1,,,,DE,Germany,Land Berlin
2024-05-20 19:37:09,131B0A77A07DD552,171623223054309210,Weapon Chosen,"{""Weapon Chosen"":""Chef's Knife""}",{},Windows,Windows 10  (10.0.19045) 64bit,de-de,1,,,,DE,Germany,Land Berlin
2024-05-20 19:37:09,131B0A77A07DD552,171623223054309210,Weapon Chosen,"{""Weapon Chosen"":""Can Opener""}",{},Windows,Windows 10  (10.0.19045) 64bit,de-de,1,,,,DE,Germany,Land Berlin
2024-05-20 19:37:09,131B0A77A07DD552,171623223054309210,Weapon Chosen,"{""Weapon Chosen"":""Chef's Knife""}",{},Windows,Windows 10  (10.0.19045) 64bit,de-de,1,,,,DE,Germany,Land Berlin
2024-05-20 19:37:09,131B0A77A07DD552,171623223054309210,Weapon Chosen,"{""Weapon Chosen"":""Chef's Knife""}",{},Windows,Windows 10  (10.0.19045) 64bit,de-de,1,,,,DE,Germany,Land Berlin
2024-05-20 19:37:09,131B0A77A07DD552,171623223054309210,Weapon Chosen,"{""Weapon Chosen"":""Peashooter""}",{},Windows,Windows 10  (10.0.19045) 64bit,de-de,1,,,,DE,Germany,Land Berlin
2024-05-20 19:37:09,131B0A77A07DD552,171623223054309210,Player Death,"{""Enemy That Killed Player"":"""",""Wave That Player Died On"":""0"",""Wave Type That Player Died On"":""""}",{},Windows,Windows 10  (10.0.19045) 64bit,de-de,1,,,,DE,Germany,Land Berlin
2024-05-20 19:37:09,131B0A77A07DD552,171623223054309210,Main Menu Selections,"{""Class Selected"":"""",""Difficulty Selected"":""""}",{},Windows,Windows 10  (10.0.19045) 64bit,de-de,1,,,,DE,Germany,Land Berlin
2024-05-20 19:37:09,131B0A77A07DD552,171623223054309210,Hiring Booth,"{""Number Of Assistants Fired"":""0"",""Number Of Times Assistants Rerolled"":""8""}",{},Windows,Windows 10  (10.0.19045) 64bit,de-de,1,,,,DE,Germany,Land Berlin
2024-05-20 19:37:09,131B0A77A07DD552,171623223054309210,Beat The Run,"{""Boss Killed"":""""}",{},Windows,Windows 10  (10.0.19045) 64bit,de-de,1,,,,DE,Germany,Land Berlin
2024-05-20 19:37:09,131B0A77A07DD552,171623223054309210,Assistant Chosen,"{""Assistant Chosen"":""One Trick Assistant""}",{},Windows,Windows 10  (10.0.19045) 64bit,de-de,1,,,,DE,Germany,Land Berlin
2024-05-20 19:37:09,131B0A77A07DD552,171623223054309210,Assistant Chosen,"{""Assistant Chosen"":""Banker Assistant""}",{},Windows,Windows 10  (10.0.19045) 64bit,de-de,1,,,,DE,Germany,Land Berlin
2024-05-20 19:37:09,131B0A77A07DD552,171623223054309210,Assistant Chosen,"{""Assistant Chosen"":""One Trick Assistant""}",{},Windows,Windows 10  (10.0.19045) 64bit,de-de,1,,,,DE,Germany,Land Berlin
2024-05-20 19:37:09,131B0A77A07DD552,171623223054309210,Amount Of Time Per Run,"{""Runtime"":""1279""}",{},Windows,Windows 10  (10.0.19045) 64bit,de-de,1,,,,DE,Germany,Land Berlin
2024-05-20 19:15:50,131B0A77A07DD552,171623223054309210,Weapon Chosen,"{""Weapon Chosen"":""Chef's Knife""}",{},Windows,Windows 10  (10.0.19045) 64bit,de-de,1,,,,DE,Germany,Land Berlin
2024-05-20 19:15:50,131B0A77A07DD552,171623223054309210,Number Of Waves Revealed,"{""Reveal Amount"":""0""}",{},Windows,Windows 10  (10.0.19045) 64bit,de-de,1,,,,DE,Germany,Land Berlin
2024-05-20 19:15:49,131B0A77A07DD552,171623223054309210,Weapons Shop,"{""Number Of Times Weapons Rerolled"":""1"",""Number Of Weapons Combined And Sold"":""0""}",{},Windows,Windows 10  (10.0.19045) 64bit,de-de,1,,,,DE,Germany,Land Berlin
2024-05-20 19:15:49,131B0A77A07DD552,171623223054309210,Weapon Chosen,"{""Weapon Chosen"":""Chef's Knife""}",{},Windows,Windows 10  (10.0.19045) 64bit,de-de,1,,,,DE,Germany,Land Berlin
2024-05-20 19:15:49,131B0A77A07DD552,171623223054309210,Weapon Chosen,"{""Weapon Chosen"":""Chef's Knife""}",{},Windows,Windows 10  (10.0.19045) 64bit,de-de,1,,,,DE,Germany,Land Berlin
2024-05-20 19:15:49,131B0A77A07DD552,171623223054309210,Weapon Chosen,"{""Weapon Chosen"":""Chef's Knife""}",{},Windows,Windows 10  (10.0.19045) 64bit,de-de,1,,,,DE,Germany,Land Berlin
2024-05-20 19:15:49,131B0A77A07DD552,171623223054309210,Weapon Chosen,"{""Weapon Chosen"":""Chef's Knife""}",{},Windows,Windows 10  (10.0.19045) 64bit,de-de,1,,,,DE,Germany,Land Berlin
2024-05-20 19:15:49,131B0A77A07DD552,171623223054309210,Weapon Chosen,"{""Weapon Chosen"":""Chef's Knife""}",{},Windows,Windows 10  (10.0.19045) 64bit,de-de,1,,,,DE,Germany,Land Berlin
2024-05-20 19:15:49,131B0A77A07DD552,171623223054309210,Weapon Chosen,"{""Weapon Chosen"":""Chef's Knife""}",{},Windows,Windows 10  (10.0.19045) 64bit,de-de,1,,,,DE,Germany,Land Berlin
2024-05-20 19:15:49,131B0A77A07DD552,171623223054309210,Weapon Chosen,"{""Weapon Chosen"":""Chef's Knife""}",{},Windows,Windows 10  (10.0.19045) 64bit,de-de,1,,,,DE,Germany,Land Berlin
2024-05-20 19:15:49,131B0A77A07DD552,171623223054309210,Weapon Chosen,"{""Weapon Chosen"":""Chef's Knife""}",{},Windows,Windows 10  (10.0.19045) 64bit,de-de,1,,,,DE,Germany,Land Berlin
2024-05-20 19:15:49,131B0A77A07DD552,171623223054309210,Player Death,"{""Enemy That Killed Player"":"""",""Wave That Player Died On"":""0"",""Wave Type That Player Died On"":""""}",{},Windows,Windows 10  (10.0.19045) 64bit,de-de,1,,,,DE,Germany,Land Berlin
2024-05-20 19:15:49,131B0A77A07DD552,171623223054309210,Main Menu Selections,"{""Class Selected"":""Executive Chef"",""Difficulty Selected"":""Easy""}",{},Windows,Windows 10  (10.0.19045) 64bit,de-de,1,,,,DE,Germany,Land Berlin
2024-05-20 19:15:49,131B0A77A07DD552,171623223054309210,Hiring Booth,"{""Number Of Assistants Fired"":""0"",""Number Of Times Assistants Rerolled"":""0""}",{},Windows,Windows 10  (10.0.19045) 64bit,de-de,1,,,,DE,Germany,Land Berlin
2024-05-20 19:15:49,131B0A77A07DD552,171623223054309210,Beat The Run,"{""Boss Killed"":""""}",{},Windows,Windows 10  (10.0.19045) 64bit,de-de,1,,,,DE,Germany,Land Berlin
2024-05-20 19:15:49,131B0A77A07DD552,171623223054309210,Assistant Chosen,"{""Assistant Chosen"":""Fruit Assistant""}",{},Windows,Windows 10  (10.0.19045) 64bit,de-de,1,,,,DE,Germany,Land Berlin
2024-05-20 19:15:49,131B0A77A07DD552,171623223054309210,Amount Of Time Per Run,"{""Runtime"":""0""}",{},Windows,Windows 10  (10.0.19045) 64bit,de-de,1,,,,DE,Germany,Land Berlin
2024-05-20 14:56:15,B2B89D10D66DBC97,171621610304394077,Wave Breakdown,"{""Enemy Groups"":""Straw Berry,Key Wi - Regular"",""Money Earned"":""26"",""Wave Number"":""3"",""Wave Type"":""Normal""}",{},Windows,Windows 11  (10.0.22631) 64bit,zh-cn,1,,,,CN,China,Hubei
2024-05-20 14:56:15,B2B89D10D66DBC97,171621610304394077,Wave Breakdown,"{""Enemy Groups"":""Cereal Killer - Regular"",""Money Earned"":""10"",""Wave Number"":""2"",""Wave Type"":""Normal""}",{},Windows,Windows 11  (10.0.22631) 64bit,zh-cn,1,,,,CN,China,Hubei
2024-05-20 14:56:15,B2B89D10D66DBC97,171621610304394077,Wave Breakdown,"{""Enemy Groups"":""Enemy Cheeses"",""Money Earned"":""62"",""Wave Number"":""1"",""Wave Type"":""Normal""}",{},Windows,Windows 11  (10.0.22631) 64bit,zh-cn,1,,,,CN,China,Hubei
2024-05-20 14:56:15,B2B89D10D66DBC97,171621610304394077,Number Of Waves Revealed,"{""Reveal Amount"":""0""}",{},Windows,Windows 11  (10.0.22631) 64bit,zh-cn,1,,,,CN,China,Hubei
2024-05-20 14:56:14,B2B89D10D66DBC97,171621610304394077,Weapons Shop,"{""Number Of Times Weapons Rerolled"":""0"",""Number Of Weapons Combined And Sold"":""2""}",{},Windows,Windows 11  (10.0.22631) 64bit,zh-cn,1,,,,CN,China,Hubei
2024-05-20 14:56:14,B2B89D10D66DBC97,171621610304394077,Weapon Chosen,"{""Weapon Chosen"":""Guacamortar""}",{},Windows,Windows 11  (10.0.22631) 64bit,zh-cn,1,,,,CN,China,Hubei
2024-05-20 14:56:14,B2B89D10D66DBC97,171621610304394077,Weapon Chosen,"{""Weapon Chosen"":""Spatula""}",{},Windows,Windows 11  (10.0.22631) 64bit,zh-cn,1,,,,CN,China,Hubei
2024-05-20 14:56:14,B2B89D10D66DBC97,171621610304394077,Weapon Chosen,"{""Weapon Chosen"":""Blowtorch""}",{},Windows,Windows 11  (10.0.22631) 64bit,zh-cn,1,,,,CN,China,Hubei
2024-05-20 14:56:14,B2B89D10D66DBC97,171621610304394077,Player Death,"{""Enemy That Killed Player"":""Pump Kin"",""Wave That Player Died On"":""4"",""Wave Type That Player Died On"":""Normal""}",{},Windows,Windows 11  (10.0.22631) 64bit,zh-cn,1,,,,CN,China,Hubei
2024-05-20 14:56:14,B2B89D10D66DBC97,171621610304394077,Main Menu Selections,"{""Class Selected"":"""",""Difficulty Selected"":""""}",{},Windows,Windows 11  (10.0.22631) 64bit,zh-cn,1,,,,CN,China,Hubei
2024-05-20 14:56:14,B2B89D10D66DBC97,171621610304394077,Hiring Booth,"{""Number Of Assistants Fired"":""0"",""Number Of Times Assistants Rerolled"":""0""}",{},Windows,Windows 11  (10.0.22631) 64bit,zh-cn,1,,,,CN,China,Hubei
2024-05-20 14:56:14,B2B89D10D66DBC97,171621610304394077,Beat The Run,"{""Boss Killed"":""""}",{},Windows,Windows 11  (10.0.22631) 64bit,zh-cn,1,,,,CN,China,Hubei
2024-05-20 14:56:14,B2B89D10D66DBC97,171621610304394077,Assistant Chosen,"{""Assistant Chosen"":""Crazy Assistant""}",{},Windows,Windows 11  (10.0.22631) 64bit,zh-cn,1,,,,CN,China,Hubei
2024-05-20 14:56:14,B2B89D10D66DBC97,171621610304394077,Amount Of Time Per Run,"{""Runtime"":""286""}",{},Windows,Windows 11  (10.0.22631) 64bit,zh-cn,1,,,,CN,China,Hubei
2024-05-20 14:51:28,B2B89D10D66DBC97,171621610304394077,Weapons Shop,"{""Number Of Times Weapons Rerolled"":""1"",""Number Of Weapons Combined And Sold"":""3""}",{},Windows,Windows 11  (10.0.22631) 64bit,zh-cn,1,,,,CN,China,Hubei
2024-05-20 14:51:28,B2B89D10D66DBC97,171621610304394077,Weapon Chosen,"{""Weapon Chosen"":""Dessert Eagle""}",{},Windows,Windows 11  (10.0.22631) 64bit,zh-cn,1,,,,CN,China,Hubei
2024-05-20 14:51:28,B2B89D10D66DBC97,171621610304394077,Weapon Chosen,"{""Weapon Chosen"":""Dessert Eagle""}",{},Windows,Windows 11  (10.0.22631) 64bit,zh-cn,1,,,,CN,China,Hubei
2024-05-20 14:51:28,B2B89D10D66DBC97,171621610304394077,Weapon Chosen,"{""Weapon Chosen"":""Dessert Eagle""}",{},Windows,Windows 11  (10.0.22631) 64bit,zh-cn,1,,,,CN,China,Hubei
2024-05-20 14:51:28,B2B89D10D66DBC97,171621610304394077,Weapon Chosen,"{""Weapon Chosen"":""Dessert Eagle""}",{},Windows,Windows 11  (10.0.22631) 64bit,zh-cn,1,,,,CN,China,Hubei
2024-05-20 14:51:28,B2B89D10D66DBC97,171621610304394077,Weapon Chosen,"{""Weapon Chosen"":""Dessert Eagle""}",{},Windows,Windows 11  (10.0.22631) 64bit,zh-cn,1,,,,CN,China,Hubei
2024-05-20 14:51:28,B2B89D10D66DBC97,171621610304394077,Weapon Chosen,"{""Weapon Chosen"":""Dessert Eagle""}",{},Windows,Windows 11  (10.0.22631) 64bit,zh-cn,1,,,,CN,China,Hubei
2024-05-20 14:51:28,B2B89D10D66DBC97,171621610304394077,Weapon Chosen,"{""Weapon Chosen"":""Dessert Eagle""}",{},Windows,Windows 11  (10.0.22631) 64bit,zh-cn,1,,,,CN,China,Hubei
2024-05-20 14:51:28,B2B89D10D66DBC97,171621610304394077,Weapon Chosen,"{""Weapon Chosen"":""Dessert Eagle""}",{},Windows,Windows 11  (10.0.22631) 64bit,zh-cn,1,,,,CN,China,Hubei
2024-05-20 14:51:28,B2B89D10D66DBC97,171621610304394077,Number Of Waves Revealed,"{""Reveal Amount"":""0""}",{},Windows,Windows 11  (10.0.22631) 64bit,zh-cn,1,,,,CN,China,Hubei
2024-05-20 14:51:27,B2B89D10D66DBC97,171621610304394077,Player Death,"{""Enemy That Killed Player"":"""",""Wave That Player Died On"":""0"",""Wave Type That Player Died On"":""""}",{},Windows,Windows 11  (10.0.22631) 64bit,zh-cn,1,,,,CN,China,Hubei
2024-05-20 14:51:27,B2B89D10D66DBC97,171621610304394077,Main Menu Selections,"{""Class Selected"":""Executive Chef"",""Difficulty Selected"":""Easy""}",{},Windows,Windows 11  (10.0.22631) 64bit,zh-cn,1,,,,CN,China,Hubei
2024-05-20 14:51:27,B2B89D10D66DBC97,171621610304394077,Hiring Booth,"{""Number Of Assistants Fired"":""0"",""Number Of Times Assistants Rerolled"":""2""}",{},Windows,Windows 11  (10.0.22631) 64bit,zh-cn,1,,,,CN,China,Hubei
2024-05-20 14:51:27,B2B89D10D66DBC97,171621610304394077,Beat The Run,"{""Boss Killed"":""""}",{},Windows,Windows 11  (10.0.22631) 64bit,zh-cn,1,,,,CN,China,Hubei
2024-05-20 14:51:27,B2B89D10D66DBC97,171621610304394077,Assistant Chosen,"{""Assistant Chosen"":""Dairy Assistant""}",{},Windows,Windows 11  (10.0.22631) 64bit,zh-cn,1,,,,CN,China,Hubei
2024-05-20 14:51:27,B2B89D10D66DBC97,171621610304394077,Assistant Chosen,"{""Assistant Chosen"":""Dairy Assistant""}",{},Windows,Windows 11  (10.0.22631) 64bit,zh-cn,1,,,,CN,China,Hubei
2024-05-20 14:51:27,B2B89D10D66DBC97,171621610304394077,Amount Of Time Per Run,"{""Runtime"":""0""}",{},Windows,Windows 11  (10.0.22631) 64bit,zh-cn,1,,,,CN,China,Hubei
2024-05-20 13:16:13,57C2473E7C0F7D96,171621005388414018,Wave Breakdown,"{""Enemy Groups"":""Straw Berry,Pump Kin,Hot Dog,Eye Scream,Cereal Killer - Cage"",""Money Earned"":""103"",""Wave Number"":""9"",""Wave Type"":""Horde""}",{},Windows,Windows 11  (10.0.22631) 64bit,en-ca,1,,,,CA,Canada,Ontario
2024-05-20 13:16:13,57C2473E7C0F7D96,171621005388414018,Wave Breakdown,"{""Enemy Groups"":""Cereal Killer - Cluster,Cereal Killer - Cage,Key Wi - Regular,Granny Smith Apple"",""Money Earned"":""235"",""Wave Number"":""8"",""Wave Type"":""Normal""}",{},Windows,Windows 11  (10.0.22631) 64bit,en-ca,1,,,,CA,Canada,Ontario
2024-05-20 13:16:12,57C2473E7C0F7D96,171621005388414018,Weapon Chosen,"{""Weapon Chosen"":""Shotgun Beer""}",{},Windows,Windows 11  (10.0.22631) 64bit,en-ca,1,,,,CA,Canada,Ontario
2024-05-20 13:16:12,57C2473E7C0F7D96,171621005388414018,Weapon Chosen,"{""Weapon Chosen"":""Peashooter""}",{},Windows,Windows 11  (10.0.22631) 64bit,en-ca,1,,,,CA,Canada,Ontario
2024-05-20 13:16:12,57C2473E7C0F7D96,171621005388414018,Weapon Chosen,"{""Weapon Chosen"":""Colt Piethon""}",{},Windows,Windows 11  (10.0.22631) 64bit,en-ca,1,,,,CA,Canada,Ontario
2024-05-20 13:16:12,57C2473E7C0F7D96,171621005388414018,Weapon Chosen,"{""Weapon Chosen"":""Shotgun Espresso""}",{},Windows,Windows 11  (10.0.22631) 64bit,en-ca,1,,,,CA,Canada,Ontario
2024-05-20 13:16:12,57C2473E7C0F7D96,171621005388414018,Weapon Chosen,"{""Weapon Chosen"":""Skewer""}",{},Windows,Windows 11  (10.0.22631) 64bit,en-ca,1,,,,CA,Canada,Ontario
2024-05-20 13:16:12,57C2473E7C0F7D96,171621005388414018,Weapon Chosen,"{""Weapon Chosen"":""Peashooter""}",{},Windows,Windows 11  (10.0.22631) 64bit,en-ca,1,,,,CA,Canada,Ontario
2024-05-20 13:16:12,57C2473E7C0F7D96,171621005388414018,Weapon Chosen,"{""Weapon Chosen"":""Peeler""}",{},Windows,Windows 11  (10.0.22631) 64bit,en-ca,1,,,,CA,Canada,Ontario
2024-05-20 13:16:12,57C2473E7C0F7D96,171621005388414018,Weapon Chosen,"{""Weapon Chosen"":""Guacamortar""}",{},Windows,Windows 11  (10.0.22631) 64bit,en-ca,1,,,,CA,Canada,Ontario
2024-05-20 13:16:12,57C2473E7C0F7D96,171621005388414018,Weapon Chosen,"{""Weapon Chosen"":""Peeler""}",{},Windows,Windows 11  (10.0.22631) 64bit,en-ca,1,,,,CA,Canada,Ontario
2024-05-20 13:16:12,57C2473E7C0F7D96,171621005388414018,Weapon Chosen,"{""Weapon Chosen"":""Cleaver""}",{},Windows,Windows 11  (10.0.22631) 64bit,en-ca,1,,,,CA,Canada,Ontario
2024-05-20 13:16:12,57C2473E7C0F7D96,171621005388414018,Weapon Chosen,"{""Weapon Chosen"":""Can Opener""}",{},Windows,Windows 11  (10.0.22631) 64bit,en-ca,1,,,,CA,Canada,Ontario
2024-05-20 13:16:12,57C2473E7C0F7D96,171621005388414018,Weapon Chosen,"{""Weapon Chosen"":""Hot Crossbow""}",{},Windows,Windows 11  (10.0.22631) 64bit,en-ca,1,,,,CA,Canada,Ontario
2024-05-20 13:16:12,57C2473E7C0F7D96,171621005388414018,Wave Breakdown,"{""Enemy Groups"":""Key Wi - Regular,Key Wi - Regular,Skirt Steak - Regular,Hot Dog"",""Money Earned"":""144"",""Wave Number"":""7"",""Wave Type"":""Normal""}",{},Windows,Windows 11  (10.0.22631) 64bit,en-ca,1,,,,CA,Canada,Ontario
2024-05-20 13:16:12,57C2473E7C0F7D96,171621005388414018,Wave Breakdown,"{""Enemy Groups"":""Pork Chop,Pork Chop,Skirt Steak - Cluster"",""Money Earned"":""109"",""Wave Number"":""6"",""Wave Type"":""Normal""}",{},Windows,Windows 11  (10.0.22631) 64bit,en-ca,1,,,,CA,Canada,Ontario
2024-05-20 13:16:12,57C2473E7C0F7D96,171621005388414018,Wave Breakdown,"{""Enemy Groups"":""Straw Berry,Straw Berry,Cereal Killer - Regular"",""Money Earned"":""43"",""Wave Number"":""5"",""Wave Type"":""Normal""}",{},Windows,Windows 11  (10.0.22631) 64bit,en-ca,1,,,,CA,Canada,Ontario
2024-05-20 13:16:12,57C2473E7C0F7D96,171621005388414018,Wave Breakdown,"{""Enemy Groups"":""Enemy Cheeses,Enemy Cheeses"",""Money Earned"":""45"",""Wave Number"":""4"",""Wave Type"":""Normal""}",{},Windows,Windows 11  (10.0.22631) 64bit,en-ca,1,,,,CA,Canada,Ontario
2024-05-20 13:16:12,57C2473E7C0F7D96,171621005388414018,Wave Breakdown,"{""Enemy Groups"":""Skirt Steak - Regular,Skirt Steak - Regular"",""Money Earned"":""25"",""Wave Number"":""3"",""Wave Type"":""Normal""}",{},Windows,Windows 11  (10.0.22631) 64bit,en-ca,1,,,,CA,Canada,Ontario
2024-05-20 13:16:12,57C2473E7C0F7D96,171621005388414018,Wave Breakdown,"{""Enemy Groups"":""Toma Toe"",""Money Earned"":""8"",""Wave Number"":""2"",""Wave Type"":""Normal""}",{},Windows,Windows 11  (10.0.22631) 64bit,en-ca,1,,,,CA,Canada,Ontario
2024-05-20 13:16:12,57C2473E7C0F7D96,171621005388414018,Wave Breakdown,"{""Enemy Groups"":""Key Wi - Regular"",""Money Earned"":""49"",""Wave Number"":""1"",""Wave Type"":""Normal""}",{},Windows,Windows 11  (10.0.22631) 64bit,en-ca,1,,,,CA,Canada,Ontario
2024-05-20 13:16:12,57C2473E7C0F7D96,171621005388414018,Number Of Waves Revealed,"{""Reveal Amount"":""0""}",{},Windows,Windows 11  (10.0.22631) 64bit,en-ca,1,,,,CA,Canada,Ontario
2024-05-20 13:16:11,57C2473E7C0F7D96,171621005388414018,Weapons Shop,"{""Number Of Times Weapons Rerolled"":""10"",""Number Of Weapons Combined And Sold"":""8""}",{},Windows,Windows 11  (10.0.22631) 64bit,en-ca,1,,,,CA,Canada,Ontario
2024-05-20 13:16:11,57C2473E7C0F7D96,171621005388414018,Weapon Chosen,"{""Weapon Chosen"":""Chef's Knife""}",{},Windows,Windows 11  (10.0.22631) 64bit,en-ca,1,,,,CA,Canada,Ontario
2024-05-20 13:16:11,57C2473E7C0F7D96,171621005388414018,Weapon Chosen,"{""Weapon Chosen"":""Skewer""}",{},Windows,Windows 11  (10.0.22631) 64bit,en-ca,1,,,,CA,Canada,Ontario
2024-05-20 13:16:11,57C2473E7C0F7D96,171621005388414018,Player Death,"{""Enemy That Killed Player"":"""",""Wave That Player Died On"":""0"",""Wave Type That Player Died On"":""""}",{},Windows,Windows 11  (10.0.22631) 64bit,en-ca,1,,,,CA,Canada,Ontario
2024-05-20 13:16:11,57C2473E7C0F7D96,171621005388414018,Main Menu Selections,"{""Class Selected"":"""",""Difficulty Selected"":""""}",{},Windows,Windows 11  (10.0.22631) 64bit,en-ca,1,,,,CA,Canada,Ontario
2024-05-20 13:16:11,57C2473E7C0F7D96,171621005388414018,Hiring Booth,"{""Number Of Assistants Fired"":""0"",""Number Of Times Assistants Rerolled"":""1""}",{},Windows,Windows 11  (10.0.22631) 64bit,en-ca,1,,,,CA,Canada,Ontario
2024-05-20 13:16:11,57C2473E7C0F7D96,171621005388414018,Beat The Run,"{""Boss Killed"":""""}",{},Windows,Windows 11  (10.0.22631) 64bit,en-ca,1,,,,CA,Canada,Ontario
2024-05-20 13:16:11,57C2473E7C0F7D96,171621005388414018,Assistant Chosen,"{""Assistant Chosen"":""Gunsmith Assistant""}",{},Windows,Windows 11  (10.0.22631) 64bit,en-ca,1,,,,CA,Canada,Ontario
2024-05-20 13:16:11,57C2473E7C0F7D96,171621005388414018,Assistant Chosen,"{""Assistant Chosen"":""Miner Assistant""}",{},Windows,Windows 11  (10.0.22631) 64bit,en-ca,1,,,,CA,Canada,Ontario
2024-05-20 13:16:11,57C2473E7C0F7D96,171621005388414018,Assistant Chosen,"{""Assistant Chosen"":""Vegetable Assistant""}",{},Windows,Windows 11  (10.0.22631) 64bit,en-ca,1,,,,CA,Canada,Ontario
2024-05-20 13:16:11,57C2473E7C0F7D96,171621005388414018,Assistant Chosen,"{""Assistant Chosen"":""Chubby Assistant""}",{},Windows,Windows 11  (10.0.22631) 64bit,en-ca,1,,,,CA,Canada,Ontario
2024-05-20 13:16:11,57C2473E7C0F7D96,171621005388414018,Amount Of Time Per Run,"{""Runtime"":""799""}",{},Windows,Windows 11  (10.0.22631) 64bit,en-ca,1,,,,CA,Canada,Ontario
2024-05-20 13:02:51,57C2473E7C0F7D96,171621005388414018,Weapons Shop,"{""Number Of Times Weapons Rerolled"":""0"",""Number Of Weapons Combined And Sold"":""0""}",{},Windows,Windows 11  (10.0.22631) 64bit,en-ca,1,,,,CA,Canada,Ontario
2024-05-20 13:02:51,57C2473E7C0F7D96,171621005388414018,Weapon Chosen,"{""Weapon Chosen"":""Chef's Knife""}",{},Windows,Windows 11  (10.0.22631) 64bit,en-ca,1,,,,CA,Canada,Ontario
2024-05-20 13:02:51,57C2473E7C0F7D96,171621005388414018,Weapon Chosen,"{""Weapon Chosen"":""Chef's Knife""}",{},Windows,Windows 11  (10.0.22631) 64bit,en-ca,1,,,,CA,Canada,Ontario
2024-05-20 13:02:51,57C2473E7C0F7D96,171621005388414018,Weapon Chosen,"{""Weapon Chosen"":""Chef's Knife""}",{},Windows,Windows 11  (10.0.22631) 64bit,en-ca,1,,,,CA,Canada,Ontario
2024-05-20 13:02:51,57C2473E7C0F7D96,171621005388414018,Player Death,"{""Enemy That Killed Player"":"""",""Wave That Player Died On"":""0"",""Wave Type That Player Died On"":""""}",{},Windows,Windows 11  (10.0.22631) 64bit,en-ca,1,,,,CA,Canada,Ontario
2024-05-20 13:02:51,57C2473E7C0F7D96,171621005388414018,Number Of Waves Revealed,"{""Reveal Amount"":""0""}",{},Windows,Windows 11  (10.0.22631) 64bit,en-ca,1,,,,CA,Canada,Ontario
2024-05-20 13:02:51,57C2473E7C0F7D96,171621005388414018,Main Menu Selections,"{""Class Selected"":""Executive Chef"",""Difficulty Selected"":""Easy""}",{},Windows,Windows 11  (10.0.22631) 64bit,en-ca,1,,,,CA,Canada,Ontario
2024-05-20 13:02:51,57C2473E7C0F7D96,171621005388414018,Hiring Booth,"{""Number Of Assistants Fired"":""0"",""Number Of Times Assistants Rerolled"":""0""}",{},Windows,Windows 11  (10.0.22631) 64bit,en-ca,1,,,,CA,Canada,Ontario
2024-05-20 13:02:51,57C2473E7C0F7D96,171621005388414018,Beat The Run,"{""Boss Killed"":""""}",{},Windows,Windows 11  (10.0.22631) 64bit,en-ca,1,,,,CA,Canada,Ontario
2024-05-20 13:02:51,57C2473E7C0F7D96,171621005388414018,Assistant Chosen,"{""Assistant Chosen"":""Fruit Assistant""}",{},Windows,Windows 11  (10.0.22631) 64bit,en-ca,1,,,,CA,Canada,Ontario
2024-05-20 13:02:51,57C2473E7C0F7D96,171621005388414018,Amount Of Time Per Run,"{""Runtime"":""0""}",{},Windows,Windows 11  (10.0.22631) 64bit,en-ca,1,,,,CA,Canada,Ontario
2024-05-17 22:21:59,920D69B6900990EA,171598061618664679,Weapons Shop,"{""Number Of Times Weapons Rerolled"":""0"",""Number Of Weapons Combined And Sold"":""0""}",{},Windows,Windows 11  (10.0.22631) 64bit,en-us,1,,,,US,United States,New York
2024-05-17 22:21:59,920D69B6900990EA,171598061618664679,Weapon Chosen,"{""Weapon Chosen"":""Peashooter""}",{},Windows,Windows 11  (10.0.22631) 64bit,en-us,1,,,,US,United States,New York
2024-05-17 22:21:59,920D69B6900990EA,171598061618664679,Weapon Chosen,"{""Weapon Chosen"":""Dessert Eagle""}",{},Windows,Windows 11  (10.0.22631) 64bit,en-us,1,,,,US,United States,New York
2024-05-17 22:21:59,920D69B6900990EA,171598061618664679,Weapon Chosen,"{""Weapon Chosen"":""Cheese Grater""}",{},Windows,Windows 11  (10.0.22631) 64bit,en-us,1,,,,US,United States,New York
2024-05-17 22:21:59,920D69B6900990EA,171598061618664679,Weapon Chosen,"{""Weapon Chosen"":""Rocket Propelled Gravy""}",{},Windows,Windows 11  (10.0.22631) 64bit,en-us,1,,,,US,United States,New York
2024-05-17 22:21:59,920D69B6900990EA,171598061618664679,Wave Breakdown,"{""Enemy Groups"":""Whipped Cream,Whipped Cream"",""Money Earned"":""16"",""Wave Number"":""4"",""Wave Type"":""Normal""}",{},Windows,Windows 11  (10.0.22631) 64bit,en-us,1,,,,US,United States,New York
2024-05-17 22:21:59,920D69B6900990EA,171598061618664679,Wave Breakdown,"{""Enemy Groups"":""Cereal Killer - Regular,Cereal Killer - Regular"",""Money Earned"":""24"",""Wave Number"":""3"",""Wave Type"":""Normal""}",{},Windows,Windows 11  (10.0.22631) 64bit,en-us,1,,,,US,United States,New York
2024-05-17 22:21:59,920D69B6900990EA,171598061618664679,Wave Breakdown,"{""Enemy Groups"":""Enemy Cheeses"",""Money Earned"":""20"",""Wave Number"":""2"",""Wave Type"":""Normal""}",{},Windows,Windows 11  (10.0.22631) 64bit,en-us,1,,,,US,United States,New York
2024-05-17 22:21:59,920D69B6900990EA,171598061618664679,Wave Breakdown,"{""Enemy Groups"":""Skirt Steak - Regular"",""Money Earned"":""8"",""Wave Number"":""1"",""Wave Type"":""Normal""}",{},Windows,Windows 11  (10.0.22631) 64bit,en-us,1,,,,US,United States,New York
2024-05-17 22:21:59,920D69B6900990EA,171598061618664679,Player Death,"{""Enemy That Killed Player"":"""",""Wave That Player Died On"":""0"",""Wave Type That Player Died On"":""""}",{},Windows,Windows 11  (10.0.22631) 64bit,en-us,1,,,,US,United States,New York
2024-05-17 22:21:59,920D69B6900990EA,171598061618664679,Number Of Waves Revealed,"{""Reveal Amount"":""1""}",{},Windows,Windows 11  (10.0.22631) 64bit,en-us,1,,,,US,United States,New York
2024-05-17 22:21:59,920D69B6900990EA,171598061618664679,Main Menu Selections,"{""Class Selected"":""Executive Chef"",""Difficulty Selected"":""Medium""}",{},Windows,Windows 11  (10.0.22631) 64bit,en-us,1,,,,US,United States,New York
2024-05-17 22:21:59,920D69B6900990EA,171598061618664679,Hiring Booth,"{""Number Of Assistants Fired"":""0"",""Number Of Times Assistants Rerolled"":""0""}",{},Windows,Windows 11  (10.0.22631) 64bit,en-us,1,,,,US,United States,New York
2024-05-17 22:21:59,920D69B6900990EA,171598061618664679,Beat The Run,"{""Boss Killed"":""""}",{},Windows,Windows 11  (10.0.22631) 64bit,en-us,1,,,,US,United States,New York
2024-05-17 22:21:59,920D69B6900990EA,171598061618664679,Assistant Chosen,"{""Assistant Chosen"":""Regular Assistant""}",{},Windows,Windows 11  (10.0.22631) 64bit,en-us,1,,,,US,United States,New York
2024-05-17 22:21:59,920D69B6900990EA,171598061618664679,Assistant Chosen,"{""Assistant Chosen"":""Calm Assistant""}",{},Windows,Windows 11  (10.0.22631) 64bit,en-us,1,,,,US,United States,New York
2024-05-17 22:21:59,920D69B6900990EA,171598061618664679,Amount Of Time Per Run,"{""Runtime"":""823""}",{},Windows,Windows 11  (10.0.22631) 64bit,en-us,1,,,,US,United States,New York
2024-05-17 22:07:10,920D69B6900990EA,171598061618664679,Weapon Chosen,"{""Weapon Chosen"":""Guacamortar""}",{},Windows,Windows 11  (10.0.22631) 64bit,en-us,1,,,,US,United States,New York
2024-05-17 22:07:10,920D69B6900990EA,171598061618664679,Weapon Chosen,"{""Weapon Chosen"":""Can Opener""}",{},Windows,Windows 11  (10.0.22631) 64bit,en-us,1,,,,US,United States,New York
2024-05-17 22:07:10,920D69B6900990EA,171598061618664679,Weapon Chosen,"{""Weapon Chosen"":""Cheese Grater""}",{},Windows,Windows 11  (10.0.22631) 64bit,en-us,1,,,,US,United States,New York
2024-05-17 22:07:10,920D69B6900990EA,171598061618664679,Wave Breakdown,"{""Enemy Groups"":""Key Wi - Regular,Toma Toe,Skirt Steak - Regular,Enemy Cheeses,Draft Beer"",""Money Earned"":""122"",""Wave Number"":""9"",""Wave Type"":""Horde""}",{},Windows,Windows 11  (10.0.22631) 64bit,en-us,1,,,,US,United States,New York
2024-05-17 22:07:10,920D69B6900990EA,171598061618664679,Wave Breakdown,"{""Enemy Groups"":""Straw Berry,Whipped Cream,Enemy Cheeses,Enemy Cheeses"",""Money Earned"":""68"",""Wave Number"":""8"",""Wave Type"":""Normal""}",{},Windows,Windows 11  (10.0.22631) 64bit,en-us,1,,,,US,United States,New York
2024-05-17 22:07:10,920D69B6900990EA,171598061618664679,Wave Breakdown,"{""Enemy Groups"":""Crew Ton,Toma Toe,Cereal Killer - Regular,Cereal Killer - Regular"",""Money Earned"":""53"",""Wave Number"":""7"",""Wave Type"":""Normal""}",{},Windows,Windows 11  (10.0.22631) 64bit,en-us,1,,,,US,United States,New York
2024-05-17 22:07:10,920D69B6900990EA,171598061618664679,Wave Breakdown,"{""Enemy Groups"":""Key Wi - Regular,Key Wi - Regular,Skirt Steak - Regular"",""Money Earned"":""38"",""Wave Number"":""6"",""Wave Type"":""Normal""}",{},Windows,Windows 11  (10.0.22631) 64bit,en-us,1,,,,US,United States,New York
2024-05-17 22:07:10,920D69B6900990EA,171598061618664679,Wave Breakdown,"{""Enemy Groups"":""Cereal Killer - Cage,Enemy Cheeses,Cereal Killer - Cluster Cage"",""Money Earned"":""92"",""Wave Number"":""5"",""Wave Type"":""Normal""}",{},Windows,Windows 11  (10.0.22631) 64bit,en-us,1,,,,US,United States,New York
2024-05-17 22:07:10,920D69B6900990EA,171598061618664679,Wave Breakdown,"{""Enemy Groups"":""Pump Kin,Toma Toe"",""Money Earned"":""15"",""Wave Number"":""4"",""Wave Type"":""Normal""}",{},Windows,Windows 11  (10.0.22631) 64bit,en-us,1,,,,US,United States,New York
2024-05-17 22:07:10,920D69B6900990EA,171598061618664679,Wave Breakdown,"{""Enemy Groups"":""Debug,Toma Toe"",""Money Earned"":""21"",""Wave Number"":""3"",""Wave Type"":""Normal""}",{},Windows,Windows 11  (10.0.22631) 64bit,en-us,1,,,,US,United States,New York
2024-05-17 22:07:10,920D69B6900990EA,171598061618664679,Wave Breakdown,"{""Enemy Groups"":""Cereal Killer - Cage"",""Money Earned"":""38"",""Wave Number"":""2"",""Wave Type"":""Normal""}",{},Windows,Windows 11  (10.0.22631) 64bit,en-us,1,,,,US,United States,New York
2024-05-17 22:07:10,920D69B6900990EA,171598061618664679,Wave Breakdown,"{""Enemy Groups"":""Toma Toe"",""Money Earned"":""36"",""Wave Number"":""1"",""Wave Type"":""Normal""}",{},Windows,Windows 11  (10.0.22631) 64bit,en-us,1,,,,US,United States,New York
2024-05-17 22:07:10,920D69B6900990EA,171598061618664679,Number Of Waves Revealed,"{""Reveal Amount"":""0""}",{},Windows,Windows 11  (10.0.22631) 64bit,en-us,1,,,,US,United States,New York
2024-05-17 22:07:09,920D69B6900990EA,171598061618664679,Weapons Shop,"{""Number Of Times Weapons Rerolled"":""3"",""Number Of Weapons Combined And Sold"":""1""}",{},Windows,Windows 11  (10.0.22631) 64bit,en-us,1,,,,US,United States,New York
2024-05-17 22:07:09,920D69B6900990EA,171598061618664679,Weapon Chosen,"{""Weapon Chosen"":""Peashooter""}",{},Windows,Windows 11  (10.0.22631) 64bit,en-us,1,,,,US,United States,New York
2024-05-17 22:07:09,920D69B6900990EA,171598061618664679,Weapon Chosen,"{""Weapon Chosen"":""Wine Glass Cannon""}",{},Windows,Windows 11  (10.0.22631) 64bit,en-us,1,,,,US,United States,New York
2024-05-17 22:07:09,920D69B6900990EA,171598061618664679,Weapon Chosen,"{""Weapon Chosen"":""Bread Knife""}",{},Windows,Windows 11  (10.0.22631) 64bit,en-us,1,,,,US,United States,New York
2024-05-17 22:07:09,920D69B6900990EA,171598061618664679,Weapon Chosen,"{""Weapon Chosen"":""Rolling Pin""}",{},Windows,Windows 11  (10.0.22631) 64bit,en-us,1,,,,US,United States,New York
2024-05-17 22:07:09,920D69B6900990EA,171598061618664679,Weapon Chosen,"{""Weapon Chosen"":""Skewer""}",{},Windows,Windows 11  (10.0.22631) 64bit,en-us,1,,,,US,United States,New York
2024-05-17 22:07:09,920D69B6900990EA,171598061618664679,Weapon Chosen,"{""Weapon Chosen"":""Carrot M82""}",{},Windows,Windows 11  (10.0.22631) 64bit,en-us,1,,,,US,United States,New York
2024-05-17 22:07:08,920D69B6900990EA,171598061618664679,Player Death,"{""Enemy That Killed Player"":"""",""Wave That Player Died On"":""0"",""Wave Type That Player Died On"":""""}",{},Windows,Windows 11  (10.0.22631) 64bit,en-us,1,,,,US,United States,New York
2024-05-17 22:07:08,920D69B6900990EA,171598061618664679,Main Menu Selections,"{""Class Selected"":""Stock Boy"",""Difficulty Selected"":""Easy""}",{},Windows,Windows 11  (10.0.22631) 64bit,en-us,1,,,,US,United States,New York
2024-05-17 22:07:08,920D69B6900990EA,171598061618664679,Hiring Booth,"{""Number Of Assistants Fired"":""0"",""Number Of Times Assistants Rerolled"":""0""}",{},Windows,Windows 11  (10.0.22631) 64bit,en-us,1,,,,US,United States,New York
2024-05-17 22:07:08,920D69B6900990EA,171598061618664679,Beat The Run,"{""Boss Killed"":""Couch Potato""}",{},Windows,Windows 11  (10.0.22631) 64bit,en-us,1,,,,US,United States,New York
2024-05-17 22:07:08,920D69B6900990EA,171598061618664679,Assistant Chosen,"{""Assistant Chosen"":""Regular Assistant""}",{},Windows,Windows 11  (10.0.22631) 64bit,en-us,1,,,,US,United States,New York
2024-05-17 22:07:08,920D69B6900990EA,171598061618664679,Amount Of Time Per Run,"{""Runtime"":""901""}",{},Windows,Windows 11  (10.0.22631) 64bit,en-us,1,,,,US,United States,New York
2024-05-17 21:51:00,920D69B6900990EA,171598061618664679,Weapon Chosen,"{""Weapon Chosen"":""Colt Piethon""}",{},Windows,Windows 11  (10.0.22631) 64bit,en-us,1,,,,US,United States,New York
2024-05-17 21:51:00,920D69B6900990EA,171598061618664679,Weapon Chosen,"{""Weapon Chosen"":""Rolling Pin""}",{},Windows,Windows 11  (10.0.22631) 64bit,en-us,1,,,,US,United States,New York
2024-05-17 21:51:00,920D69B6900990EA,171598061618664679,Weapon Chosen,"{""Weapon Chosen"":""Bread Knife""}",{},Windows,Windows 11  (10.0.22631) 64bit,en-us,1,,,,US,United States,New York
2024-05-17 21:51:00,920D69B6900990EA,171598061618664679,Weapon Chosen,"{""Weapon Chosen"":""Rolling Pin""}",{},Windows,Windows 11  (10.0.22631) 64bit,en-us,1,,,,US,United States,New York
2024-05-17 21:51:00,920D69B6900990EA,171598061618664679,Weapon Chosen,"{""Weapon Chosen"":""Chef's Knife""}",{},Windows,Windows 11  (10.0.22631) 64bit,en-us,1,,,,US,United States,New York
2024-05-17 21:51:00,920D69B6900990EA,171598061618664679,Weapon Chosen,"{""Weapon Chosen"":""Chef's Knife""}",{},Windows,Windows 11  (10.0.22631) 64bit,en-us,1,,,,US,United States,New York
2024-05-17 21:51:00,920D69B6900990EA,171598061618664679,Weapon Chosen,"{""Weapon Chosen"":""Peeler""}",{},Windows,Windows 11  (10.0.22631) 64bit,en-us,1,,,,US,United States,New York
2024-05-17 21:51:00,920D69B6900990EA,171598061618664679,Wave Breakdown,"{""Enemy Groups"":""Key Wi - Regular,Pump Kin,Skirt Steak - Cluster,Enemy Cheeses,Draft Beer"",""Money Earned"":""113"",""Wave Number"":""9"",""Wave Type"":""Horde""}",{},Windows,Windows 11  (10.0.22631) 64bit,en-us,1,,,,US,United States,New York
2024-05-17 21:51:00,920D69B6900990EA,171598061618664679,Wave Breakdown,"{""Enemy Groups"":""Cereal Killer - Regular,Key Wi - Regular,Straw Berry,Cereal Killer - Regular"",""Money Earned"":""69"",""Wave Number"":""8"",""Wave Type"":""Normal""}",{},Windows,Windows 11  (10.0.22631) 64bit,en-us,1,,,,US,United States,New York
2024-05-17 21:51:00,920D69B6900990EA,171598061618664679,Wave Breakdown,"{""Enemy Groups"":""Ground Beef,Pork Chop,Skirt Steak - Regular,Skirt Steak - Regular"",""Money Earned"":""74"",""Wave Number"":""7"",""Wave Type"":""Normal""}",{},Windows,Windows 11  (10.0.22631) 64bit,en-us,1,,,,US,United States,New York
2024-05-17 21:51:00,920D69B6900990EA,171598061618664679,Wave Breakdown,"{""Enemy Groups"":""Key Wi - Regular,Key Wi - Regular,Key Wi - Regular"",""Money Earned"":""42"",""Wave Number"":""6"",""Wave Type"":""Normal""}",{},Windows,Windows 11  (10.0.22631) 64bit,en-us,1,,,,US,United States,New York
2024-05-17 21:51:00,920D69B6900990EA,171598061618664679,Wave Breakdown,"{""Enemy Groups"":""Toma Toe,Debug,Debug"",""Money Earned"":""53"",""Wave Number"":""5"",""Wave Type"":""Normal""}",{},Windows,Windows 11  (10.0.22631) 64bit,en-us,1,,,,US,United States,New York
2024-05-17 21:51:00,920D69B6900990EA,171598061618664679,Wave Breakdown,"{""Enemy Groups"":""Toma Toe,Cab Bage - Cage"",""Money Earned"":""36"",""Wave Number"":""4"",""Wave Type"":""Normal""}",{},Windows,Windows 11  (10.0.22631) 64bit,en-us,1,,,,US,United States,New York
2024-05-17 21:51:00,920D69B6900990EA,171598061618664679,Wave Breakdown,"{""Enemy Groups"":""Pork Chop,Hot Dog"",""Money Earned"":""43"",""Wave Number"":""3"",""Wave Type"":""Normal""}",{},Windows,Windows 11  (10.0.22631) 64bit,en-us,1,,,,US,United States,New York
2024-05-17 21:51:00,920D69B6900990EA,171598061618664679,Wave Breakdown,"{""Enemy Groups"":""Enemy Cheeses"",""Money Earned"":""27"",""Wave Number"":""2"",""Wave Type"":""Normal""}",{},Windows,Windows 11  (10.0.22631) 64bit,en-us,1,,,,US,United States,New York
2024-05-17 21:51:00,920D69B6900990EA,171598061618664679,Wave Breakdown,"{""Enemy Groups"":""Key Wi - Regular"",""Money Earned"":""9"",""Wave Number"":""1"",""Wave Type"":""Normal""}",{},Windows,Windows 11  (10.0.22631) 64bit,en-us,1,,,,US,United States,New York
2024-05-17 21:51:00,920D69B6900990EA,171598061618664679,Number Of Waves Revealed,"{""Reveal Amount"":""0""}",{},Windows,Windows 11  (10.0.22631) 64bit,en-us,1,,,,US,United States,New York
2024-05-17 21:50:59,920D69B6900990EA,171598061618664679,Weapons Shop,"{""Number Of Times Weapons Rerolled"":""1"",""Number Of Weapons Combined And Sold"":""5""}",{},Windows,Windows 11  (10.0.22631) 64bit,en-us,1,,,,US,United States,New York
2024-05-17 21:50:59,920D69B6900990EA,171598061618664679,Weapon Chosen,"{""Weapon Chosen"":""Rolling Pin""}",{},Windows,Windows 11  (10.0.22631) 64bit,en-us,1,,,,US,United States,New York
2024-05-17 21:50:59,920D69B6900990EA,171598061618664679,Weapon Chosen,"{""Weapon Chosen"":""Chef's Knife""}",{},Windows,Windows 11  (10.0.22631) 64bit,en-us,1,,,,US,United States,New York
2024-05-17 21:50:59,920D69B6900990EA,171598061618664679,Weapon Chosen,"{""Weapon Chosen"":""Can Opener""}",{},Windows,Windows 11  (10.0.22631) 64bit,en-us,1,,,,US,United States,New York
2024-05-17 21:50:59,920D69B6900990EA,171598061618664679,Weapon Chosen,"{""Weapon Chosen"":""Chef's Knife""}",{},Windows,Windows 11  (10.0.22631) 64bit,en-us,1,,,,US,United States,New York
2024-05-17 21:50:59,920D69B6900990EA,171598061618664679,Weapon Chosen,"{""Weapon Chosen"":""Chef's Knife""}",{},Windows,Windows 11  (10.0.22631) 64bit,en-us,1,,,,US,United States,New York
2024-05-17 21:50:58,920D69B6900990EA,171598061618664679,Assistant Chosen,"{""Assistant Chosen"":""Grain Assistant""}",{},Windows,Windows 11  (10.0.22631) 64bit,en-us,1,,,,US,United States,New York
2024-05-17 21:50:58,920D69B6900990EA,171598061618664679,Assistant Chosen,"{""Assistant Chosen"":""Fruit Assistant""}",{},Windows,Windows 11  (10.0.22631) 64bit,en-us,1,,,,US,United States,New York
2024-05-17 21:50:57,920D69B6900990EA,171598061618664679,Player Death,"{""Enemy That Killed Player"":"""",""Wave That Player Died On"":""0"",""Wave Type That Player Died On"":""""}",{},Windows,Windows 11  (10.0.22631) 64bit,en-us,1,,,,US,United States,New York
2024-05-17 21:50:57,920D69B6900990EA,171598061618664679,Main Menu Selections,"{""Class Selected"":""Executive Chef"",""Difficulty Selected"":""Easy""}",{},Windows,Windows 11  (10.0.22631) 64bit,en-us,1,,,,US,United States,New York
2024-05-17 21:50:57,920D69B6900990EA,171598061618664679,Hiring Booth,"{""Number Of Assistants Fired"":""0"",""Number Of Times Assistants Rerolled"":""0""}",{},Windows,Windows 11  (10.0.22631) 64bit,en-us,1,,,,US,United States,New York
2024-05-17 21:50:57,920D69B6900990EA,171598061618664679,Beat The Run,"{""Boss Killed"":""Couch Potato""}",{},Windows,Windows 11  (10.0.22631) 64bit,en-us,1,,,,US,United States,New York
2024-05-17 21:50:57,920D69B6900990EA,171598061618664679,Assistant Chosen,"{""Assistant Chosen"":""Grain Assistant""}",{},Windows,Windows 11  (10.0.22631) 64bit,en-us,1,,,,US,United States,New York
2024-05-17 21:50:57,920D69B6900990EA,171598061618664679,Amount Of Time Per Run,"{""Runtime"":""736""}",{},Windows,Windows 11  (10.0.22631) 64bit,en-us,1,,,,US,United States,New York
2024-05-17 21:38:03,920D69B6900990EA,171598061618664679,Weapons Shop,"{""Number Of Times Weapons Rerolled"":""0"",""Number Of Weapons Combined And Sold"":""0""}",{},Windows,Windows 11  (10.0.22631) 64bit,en-us,1,,,,US,United States,New York
2024-05-17 21:38:03,920D69B6900990EA,171598061618664679,Weapon Chosen,"{""Weapon Chosen"":""Skewer""}",{},Windows,Windows 11  (10.0.22631) 64bit,en-us,1,,,,US,United States,New York
2024-05-17 21:38:03,920D69B6900990EA,171598061618664679,Weapon Chosen,"{""Weapon Chosen"":""Skewer""}",{},Windows,Windows 11  (10.0.22631) 64bit,en-us,1,,,,US,United States,New York
2024-05-17 21:38:03,920D69B6900990EA,171598061618664679,Weapon Chosen,"{""Weapon Chosen"":""Italian Sub Machine Gun""}",{},Windows,Windows 11  (10.0.22631) 64bit,en-us,1,,,,US,United States,New York
2024-05-17 21:38:03,920D69B6900990EA,171598061618664679,Weapon Chosen,"{""Weapon Chosen"":""Rolling Pin""}",{},Windows,Windows 11  (10.0.22631) 64bit,en-us,1,,,,US,United States,New York
2024-05-17 21:38:03,920D69B6900990EA,171598061618664679,Weapon Chosen,"{""Weapon Chosen"":""Baking Sheet""}",{},Windows,Windows 11  (10.0.22631) 64bit,en-us,1,,,,US,United States,New York
2024-05-17 21:38:03,920D69B6900990EA,171598061618664679,Weapon Chosen,"{""Weapon Chosen"":""Bread Knife""}",{},Windows,Windows 11  (10.0.22631) 64bit,en-us,1,,,,US,United States,New York
2024-05-17 21:38:03,920D69B6900990EA,171598061618664679,Wave Breakdown,"{""Enemy Groups"":""Pomegrenade,Pump Kin,Skirt Steak - Regular,Whipped Cream,Cereal Killer - Cage"",""Money Earned"":""76"",""Wave Number"":""9"",""Wave Type"":""Horde""}",{},Windows,Windows 11  (10.0.22631) 64bit,en-us,1,,,,US,United States,New York
2024-05-17 21:38:03,920D69B6900990EA,171598061618664679,Wave Breakdown,"{""Enemy Groups"":""Enemy Cheeses,Whipped Cream,Straw Berry,Enemy Cheeses"",""Money Earned"":""114"",""Wave Number"":""8"",""Wave Type"":""Normal""}",{},Windows,Windows 11  (10.0.22631) 64bit,en-us,1,,,,US,United States,New York
2024-05-17 21:38:03,920D69B6900990EA,171598061618664679,Wave Breakdown,"{""Enemy Groups"":""Straw Berry,Yo Yogurt - Regular,Cuecumber,Whipped Cream"",""Money Earned"":""47"",""Wave Number"":""7"",""Wave Type"":""Normal""}",{},Windows,Windows 11  (10.0.22631) 64bit,en-us,1,,,,US,United States,New York
2024-05-17 21:38:03,920D69B6900990EA,171598061618664679,Wave Breakdown,"{""Enemy Groups"":""Cab Bage - Cage,Toma Toe,Enemy Cheeses"",""Money Earned"":""81"",""Wave Number"":""6"",""Wave Type"":""Normal""}",{},Windows,Windows 11  (10.0.22631) 64bit,en-us,1,,,,US,United States,New York
2024-05-17 21:38:03,920D69B6900990EA,171598061618664679,Wave Breakdown,"{""Enemy Groups"":""Straw Berry,Cuecumber,Toma Toe"",""Money Earned"":""27"",""Wave Number"":""5"",""Wave Type"":""Normal""}",{},Windows,Windows 11  (10.0.22631) 64bit,en-us,1,,,,US,United States,New York
2024-05-17 21:38:03,920D69B6900990EA,171598061618664679,Wave Breakdown,"{""Enemy Groups"":""Key Wi - Regular,Key Wi - Regular"",""Money Earned"":""24"",""Wave Number"":""4"",""Wave Type"":""Normal""}",{},Windows,Windows 11  (10.0.22631) 64bit,en-us,1,,,,US,United States,New York
2024-05-17 21:38:03,920D69B6900990EA,171598061618664679,Wave Breakdown,"{""Enemy Groups"":""Toma Toe,Pump Kin - Cluster"",""Money Earned"":""21"",""Wave Number"":""3"",""Wave Type"":""Normal""}",{},Windows,Windows 11  (10.0.22631) 64bit,en-us,1,,,,US,United States,New York
2024-05-17 21:38:03,920D69B6900990EA,171598061618664679,Wave Breakdown,"{""Enemy Groups"":""Cereal Killer - Regular"",""Money Earned"":""9"",""Wave Number"":""2"",""Wave Type"":""Normal""}",{},Windows,Windows 11  (10.0.22631) 64bit,en-us,1,,,,US,United States,New York
2024-05-17 21:38:03,920D69B6900990EA,171598061618664679,Wave Breakdown,"{""Enemy Groups"":""Key Wi - Regular"",""Money Earned"":""20"",""Wave Number"":""1"",""Wave Type"":""Normal""}",{},Windows,Windows 11  (10.0.22631) 64bit,en-us,1,,,,US,United States,New York
2024-05-17 21:38:03,920D69B6900990EA,171598061618664679,Number Of Waves Revealed,"{""Reveal Amount"":""0""}",{},Windows,Windows 11  (10.0.22631) 64bit,en-us,1,,,,US,United States,New York
2024-05-17 21:38:03,920D69B6900990EA,171598061618664679,Assistant Chosen,"{""Assistant Chosen"":""Mimic Assistant""}",{},Windows,Windows 11  (10.0.22631) 64bit,en-us,1,,,,US,United States,New York
2024-05-17 21:38:03,920D69B6900990EA,171598061618664679,Assistant Chosen,"{""Assistant Chosen"":""Regular Assistant""}",{},Windows,Windows 11  (10.0.22631) 64bit,en-us,1,,,,US,United States,New York
2024-05-17 21:38:02,920D69B6900990EA,171598061618664679,Player Death,"{""Enemy That Killed Player"":"""",""Wave That Player Died On"":""0"",""Wave Type That Player Died On"":""""}",{},Windows,Windows 11  (10.0.22631) 64bit,en-us,1,,,,US,United States,New York
2024-05-17 21:38:02,920D69B6900990EA,171598061618664679,Main Menu Selections,"{""Class Selected"":"""",""Difficulty Selected"":""""}",{},Windows,Windows 11  (10.0.22631) 64bit,en-us,1,,,,US,United States,New York
2024-05-17 21:38:02,920D69B6900990EA,171598061618664679,Hiring Booth,"{""Number Of Assistants Fired"":""0"",""Number Of Times Assistants Rerolled"":""1""}",{},Windows,Windows 11  (10.0.22631) 64bit,en-us,1,,,,US,United States,New York
2024-05-17 21:38:02,920D69B6900990EA,171598061618664679,Beat The Run,"{""Boss Killed"":""""}",{},Windows,Windows 11  (10.0.22631) 64bit,en-us,1,,,,US,United States,New York
2024-05-17 21:38:02,920D69B6900990EA,171598061618664679,Assistant Chosen,"{""Assistant Chosen"":""Grain Assistant""}",{},Windows,Windows 11  (10.0.22631) 64bit,en-us,1,,,,US,United States,New York
2024-05-17 21:38:02,920D69B6900990EA,171598061618664679,Amount Of Time Per Run,"{""Runtime"":""453""}",{},Windows,Windows 11  (10.0.22631) 64bit,en-us,1,,,,US,United States,New York
2024-05-17 21:30:29,920D69B6900990EA,171598061618664679,Wave Breakdown,"{""Enemy Groups"":""Key Wi - Regular,Straw Berry,Key Wi - Regular"",""Money Earned"":""38"",""Wave Number"":""6"",""Wave Type"":""Normal""}",{},Windows,Windows 11  (10.0.22631) 64bit,en-us,1,,,,US,United States,New York
2024-05-17 21:30:29,920D69B6900990EA,171598061618664679,Wave Breakdown,"{""Enemy Groups"":""Whipped Cream,Whipped Cream,Enemy Cheeses"",""Money Earned"":""54"",""Wave Number"":""5"",""Wave Type"":""Normal""}",{},Windows,Windows 11  (10.0.22631) 64bit,en-us,1,,,,US,United States,New York
2024-05-17 21:30:29,920D69B6900990EA,171598061618664679,Wave Breakdown,"{""Enemy Groups"":""Toma Toe,Cab Bage - Cage"",""Money Earned"":""34"",""Wave Number"":""4"",""Wave Type"":""Normal""}",{},Windows,Windows 11  (10.0.22631) 64bit,en-us,1,,,,US,United States,New York
2024-05-17 21:30:29,920D69B6900990EA,171598061618664679,Wave Breakdown,"{""Enemy Groups"":""Key Wi - Regular,Straw Berry"",""Money Earned"":""19"",""Wave Number"":""3"",""Wave Type"":""Normal""}",{},Windows,Windows 11  (10.0.22631) 64bit,en-us,1,,,,US,United States,New York
2024-05-17 21:30:29,920D69B6900990EA,171598061618664679,Wave Breakdown,"{""Enemy Groups"":""Cereal Killer - Regular"",""Money Earned"":""11"",""Wave Number"":""2"",""Wave Type"":""Normal""}",{},Windows,Windows 11  (10.0.22631) 64bit,en-us,1,,,,US,United States,New York
2024-05-17 21:30:29,920D69B6900990EA,171598061618664679,Wave Breakdown,"{""Enemy Groups"":""Key Wi - Regular"",""Money Earned"":""12"",""Wave Number"":""1"",""Wave Type"":""Normal""}",{},Windows,Windows 11  (10.0.22631) 64bit,en-us,1,,,,US,United States,New York
2024-05-17 21:30:29,920D69B6900990EA,171598061618664679,Number Of Waves Revealed,"{""Reveal Amount"":""0""}",{},Windows,Windows 11  (10.0.22631) 64bit,en-us,1,,,,US,United States,New York
2024-05-17 21:30:28,920D69B6900990EA,171598061618664679,Weapons Shop,"{""Number Of Times Weapons Rerolled"":""0"",""Number Of Weapons Combined And Sold"":""0""}",{},Windows,Windows 11  (10.0.22631) 64bit,en-us,1,,,,US,United States,New York
2024-05-17 21:30:28,920D69B6900990EA,171598061618664679,Weapon Chosen,"{""Weapon Chosen"":""Chef's Knife""}",{},Windows,Windows 11  (10.0.22631) 64bit,en-us,1,,,,US,United States,New York
2024-05-17 21:30:28,920D69B6900990EA,171598061618664679,Weapon Chosen,"{""Weapon Chosen"":""Cleaver""}",{},Windows,Windows 11  (10.0.22631) 64bit,en-us,1,,,,US,United States,New York
2024-05-17 21:30:28,920D69B6900990EA,171598061618664679,Weapon Chosen,"{""Weapon Chosen"":""Scooper""}",{},Windows,Windows 11  (10.0.22631) 64bit,en-us,1,,,,US,United States,New York
2024-05-17 21:30:28,920D69B6900990EA,171598061618664679,Weapon Chosen,"{""Weapon Chosen"":""Corkscrew""}",{},Windows,Windows 11  (10.0.22631) 64bit,en-us,1,,,,US,United States,New York
2024-05-17 21:30:28,920D69B6900990EA,171598061618664679,Weapon Chosen,"{""Weapon Chosen"":""Peashooter""}",{},Windows,Windows 11  (10.0.22631) 64bit,en-us,1,,,,US,United States,New York
2024-05-17 21:30:28,920D69B6900990EA,171598061618664679,Weapon Chosen,"{""Weapon Chosen"":""Italian Sub Machine Gun""}",{},Windows,Windows 11  (10.0.22631) 64bit,en-us,1,,,,US,United States,New York
2024-05-17 21:30:28,920D69B6900990EA,171598061618664679,Weapon Chosen,"{""Weapon Chosen"":""Chef's Knife""}",{},Windows,Windows 11  (10.0.22631) 64bit,en-us,1,,,,US,United States,New York
2024-05-17 21:30:28,920D69B6900990EA,171598061618664679,Assistant Chosen,"{""Assistant Chosen"":""Vegetable Assistant""}",{},Windows,Windows 11  (10.0.22631) 64bit,en-us,1,,,,US,United States,New York
2024-05-17 21:30:28,920D69B6900990EA,171598061618664679,Assistant Chosen,"{""Assistant Chosen"":""Regular Assistant""}",{},Windows,Windows 11  (10.0.22631) 64bit,en-us,1,,,,US,United States,New York
2024-05-17 21:30:27,920D69B6900990EA,171598061618664679,Player Death,"{""Enemy That Killed Player"":""Skirt Steak"",""Wave That Player Died On"":""7"",""Wave Type That Player Died On"":""Normal""}",{},Windows,Windows 11  (10.0.22631) 64bit,en-us,1,,,,US,United States,New York
2024-05-17 21:30:27,920D69B6900990EA,171598061618664679,Main Menu Selections,"{""Class Selected"":""Executive Chef"",""Difficulty Selected"":""Easy""}",{},Windows,Windows 11  (10.0.22631) 64bit,en-us,1,,,,US,United States,New York
2024-05-17 21:30:27,920D69B6900990EA,171598061618664679,Hiring Booth,"{""Number Of Assistants Fired"":""0"",""Number Of Times Assistants Rerolled"":""0""}",{},Windows,Windows 11  (10.0.22631) 64bit,en-us,1,,,,US,United States,New York
2024-05-17 21:30:27,920D69B6900990EA,171598061618664679,Beat The Run,"{""Boss Killed"":""""}",{},Windows,Windows 11  (10.0.22631) 64bit,en-us,1,,,,US,United States,New York
2024-05-17 21:30:27,920D69B6900990EA,171598061618664679,Assistant Chosen,"{""Assistant Chosen"":""Regular Assistant""}",{},Windows,Windows 11  (10.0.22631) 64bit,en-us,1,,,,US,United States,New York
2024-05-17 21:30:27,920D69B6900990EA,171598061618664679,Amount Of Time Per Run,"{""Runtime"":""738""}",{},Windows,Windows 11  (10.0.22631) 64bit,en-us,1,,,,US,United States,New York
2024-05-17 20:08:13,7150581048CD8542,171597429212369272,Wave Breakdown,"{""Enemy Groups"":""Sage,Pump Kin,Ghost Pepper,Pump Kin - Cluster,Ground Beef,Skirt Steak - Cluster,Hot Dog,Ghost Pepper,Toma Toe,Hot Dog"",""Money Earned"":""446"",""Wave Number"":""19"",""Wave Type"":""Normal""}",{},Windows,Windows 10  (10.0.19045) 64bit,en-us,1,,,,US,United States,New York
2024-05-17 20:08:13,7150581048CD8542,171597429212369272,Wave Breakdown,"{""Enemy Groups"":""Cuecumber,Ghost Pepper,Skirt Steak - Cluster,Enemy Cheeses,Cereal Killer - Cage,Cereal Killer - Regular,Banana Split,Enemy Cheeses,Skirt Steak - Cluster,Cuecumber"",""Money Earned"":""565"",""Wave Number"":""18"",""Wave Type"":""Horde""}",{},Windows,Windows 10  (10.0.19045) 64bit,en-us,1,,,,US,United States,New York
2024-05-17 20:08:13,7150581048CD8542,171597429212369272,Wave Breakdown,"{""Enemy Groups"":""Banana Split,Toma Toe,Hot Dog,Whipped Cream,Cereal Killer - Cluster Cage,Ground Beef,Skirt Steak - Cluster,Skirt Steak - Cluster,Yo Yogurt - Regular,Skirt Steak - Cluster"",""Money Earned"":""308"",""Wave Number"":""17"",""Wave Type"":""Horde""}",{},Windows,Windows 10  (10.0.19045) 64bit,en-us,1,,,,US,United States,New York
2024-05-17 20:08:13,7150581048CD8542,171597429212369272,Wave Breakdown,"{""Enemy Groups"":""Key Wi - Cluster,Pomegrenade,Key Wi - Cluster,Banana Split,Pomegrenade,Granny Smith Apple,Straw Berry,Banana Split,Cuecumber,Granny Smith Apple"",""Money Earned"":""481"",""Wave Number"":""16"",""Wave Type"":""Elite""}",{},Windows,Windows 10  (10.0.19045) 64bit,en-us,1,,,,US,United States,New York
2024-05-17 20:08:13,7150581048CD8542,171597429212369272,Wave Breakdown,"{""Enemy Groups"":""Straw Berry,Toma Toe,Hot Dog,Enemy Cheeses,Cereal Killer - Cluster,Toma Toe,Banana Split - Cluster,Granny Smith Apple,Pump Kin,Cereal Killer - Regular"",""Money Earned"":""593"",""Wave Number"":""15"",""Wave Type"":""Horde""}",{},Windows,Windows 10  (10.0.19045) 64bit,en-us,1,,,,US,United States,New York
2024-05-17 20:08:13,7150581048CD8542,171597429212369272,Wave Breakdown,"{""Enemy Groups"":""Hot Dog,Ground Beef,Hot Dog,Pork Chop,Pork Chop,Skirt Steak - Regular,Skirt Steak - Regular,Hot Dog,Ground Beef,Skirt Steak - Regular"",""Money Earned"":""433"",""Wave Number"":""14"",""Wave Type"":""Normal""}",{},Windows,Windows 10  (10.0.19045) 64bit,en-us,1,,,,US,United States,New York
2024-05-17 20:08:13,7150581048CD8542,171597429212369272,Wave Breakdown,"{""Enemy Groups"":""Key Wi - Regular,Key Wi - Cluster,Toma Toe,Ghost Pepper,Toma Toe,Granny Smith Apple,Straw Berry,Straw Berry,Straw Berry,Banana Split"",""Money Earned"":""398"",""Wave Number"":""13"",""Wave Type"":""Normal""}",{},Windows,Windows 10  (10.0.19045) 64bit,en-us,1,,,,US,United States,New York
2024-05-17 20:08:13,7150581048CD8542,171597429212369272,Wave Breakdown,"{""Enemy Groups"":""Pomegrenade,Toma Toe,Hot Dog,Eye Scream,Cereal Killer - Regular,Cereal Killer - Regular,Toma Toe,Pork Chop,Hot Dog,Whipped Cream"",""Money Earned"":""115"",""Wave Number"":""12"",""Wave Type"":""Horde""}",{},Windows,Windows 10  (10.0.19045) 64bit,en-us,1,,,,US,United States,New York
2024-05-17 20:08:13,7150581048CD8542,171597429212369272,Wave Breakdown,"{""Enemy Groups"":""Cuecumber,Cuecumber,Cuecumber,Key Wi - Regular,Straw Berry,Straw Berry,Key Wi - Regular,Pomegrenade,Granny Smith Apple,Straw Berry"",""Money Earned"":""212"",""Wave Number"":""11"",""Wave Type"":""Normal""}",{},Windows,Windows 10  (10.0.19045) 64bit,en-us,1,,,,US,United States,New York
2024-05-17 20:08:13,7150581048CD8542,171597429212369272,Wave Breakdown,"{""Enemy Groups"":""Straw Berry,Toma Toe,Skirt Steak - Regular,Whipped Cream,Cereal Killer - Cluster Cage,Ghost Pepper,Cereal Killer - Cluster Cage,Whipped Cream,Pump Kin,Cereal Killer - Cage"",""Money Earned"":""273"",""Wave Number"":""10"",""Wave Type"":""Horde""}",{},Windows,Windows 10  (10.0.19045) 64bit,en-us,1,,,,US,United States,New York
2024-05-17 20:08:13,7150581048CD8542,171597429212369272,Wave Breakdown,"{""Enemy Groups"":""Granny Smith Apple,Straw Berry,Key Wi - Regular,Key Wi - Regular,Key Wi - Regular,Key Wi - Regular,Key Wi - Regular,Key Wi - Regular,Straw Berry"",""Money Earned"":""124"",""Wave Number"":""9"",""Wave Type"":""Normal""}",{},Windows,Windows 10  (10.0.19045) 64bit,en-us,1,,,,US,United States,New York
2024-05-17 20:08:13,7150581048CD8542,171597429212369272,Wave Breakdown,"{""Enemy Groups"":""Toma Toe,Pump Kin,Toma Toe,Toma Toe,Cab Bage - Cage,Toma Toe,Toma Toe,Toma Toe"",""Money Earned"":""190"",""Wave Number"":""8"",""Wave Type"":""Elite""}",{},Windows,Windows 10  (10.0.19045) 64bit,en-us,1,,,,US,United States,New York
2024-05-17 20:08:13,7150581048CD8542,171597429212369272,Wave Breakdown,"{""Enemy Groups"":""Pork Chop,Skirt Steak - Regular,Skirt Steak - Regular,Hot Dog,Skirt Steak - Regular,Skirt Steak - Regular,Skirt Steak - Regular"",""Money Earned"":""184"",""Wave Number"":""7"",""Wave Type"":""Normal""}",{},Windows,Windows 10  (10.0.19045) 64bit,en-us,1,,,,US,United States,New York
2024-05-17 20:08:12,7150581048CD8542,171597429212369272,Weapon Chosen,"{""Weapon Chosen"":""Guacamortar""}",{},Windows,Windows 10  (10.0.19045) 64bit,en-us,1,,,,US,United States,New York
2024-05-17 20:08:12,7150581048CD8542,171597429212369272,Weapon Chosen,"{""Weapon Chosen"":""Carrot M82""}",{},Windows,Windows 10  (10.0.19045) 64bit,en-us,1,,,,US,United States,New York
2024-05-17 20:08:12,7150581048CD8542,171597429212369272,Weapon Chosen,"{""Weapon Chosen"":""Chef's Knife""}",{},Windows,Windows 10  (10.0.19045) 64bit,en-us,1,,,,US,United States,New York
2024-05-17 20:08:12,7150581048CD8542,171597429212369272,Weapon Chosen,"{""Weapon Chosen"":""Shotgun Espresso""}",{},Windows,Windows 10  (10.0.19045) 64bit,en-us,1,,,,US,United States,New York
2024-05-17 20:08:12,7150581048CD8542,171597429212369272,Weapon Chosen,"{""Weapon Chosen"":""Pepper Spray""}",{},Windows,Windows 10  (10.0.19045) 64bit,en-us,1,,,,US,United States,New York
2024-05-17 20:08:12,7150581048CD8542,171597429212369272,Weapon Chosen,"{""Weapon Chosen"":""Shotgun Espresso""}",{},Windows,Windows 10  (10.0.19045) 64bit,en-us,1,,,,US,United States,New York
2024-05-17 20:08:12,7150581048CD8542,171597429212369272,Weapon Chosen,"{""Weapon Chosen"":""Guacamortar""}",{},Windows,Windows 10  (10.0.19045) 64bit,en-us,1,,,,US,United States,New York
2024-05-17 20:08:12,7150581048CD8542,171597429212369272,Weapon Chosen,"{""Weapon Chosen"":""Guacamortar""}",{},Windows,Windows 10  (10.0.19045) 64bit,en-us,1,,,,US,United States,New York
2024-05-17 20:08:12,7150581048CD8542,171597429212369272,Weapon Chosen,"{""Weapon Chosen"":""Chef's Knife""}",{},Windows,Windows 10  (10.0.19045) 64bit,en-us,1,,,,US,United States,New York
2024-05-17 20:08:12,7150581048CD8542,171597429212369272,Weapon Chosen,"{""Weapon Chosen"":""Chef's Knife""}",{},Windows,Windows 10  (10.0.19045) 64bit,en-us,1,,,,US,United States,New York
2024-05-17 20:08:12,7150581048CD8542,171597429212369272,Wave Breakdown,"{""Enemy Groups"":""Skirt Steak - Regular,Pork Chop,Whipped Cream,Hot Dog,Whipped Cream,Enemy Cheeses"",""Money Earned"":""91"",""Wave Number"":""6"",""Wave Type"":""Normal""}",{},Windows,Windows 10  (10.0.19045) 64bit,en-us,1,,,,US,United States,New York
2024-05-17 20:08:12,7150581048CD8542,171597429212369272,Wave Breakdown,"{""Enemy Groups"":""Cereal Killer - Regular,Cereal Killer - Cluster,Cereal Killer - Regular,Crew Ton,Cereal Killer - Cluster Cage"",""Money Earned"":""156"",""Wave Number"":""5"",""Wave Type"":""Elite""}",{},Windows,Windows 10  (10.0.19045) 64bit,en-us,1,,,,US,United States,New York
2024-05-17 20:08:12,7150581048CD8542,171597429212369272,Wave Breakdown,"{""Enemy Groups"":""Key Wi - Regular,Straw Berry,Key Wi - Regular,Key Wi - Regular"",""Money Earned"":""45"",""Wave Number"":""4"",""Wave Type"":""Normal""}",{},Windows,Windows 10  (10.0.19045) 64bit,en-us,1,,,,US,United States,New York
2024-05-17 20:08:12,7150581048CD8542,171597429212369272,Wave Breakdown,"{""Enemy Groups"":""Cereal Killer - Regular,Cereal Killer - Cluster Cage,Cereal Killer - Regular"",""Money Earned"":""32"",""Wave Number"":""3"",""Wave Type"":""Normal""}",{},Windows,Windows 10  (10.0.19045) 64bit,en-us,1,,,,US,United States,New York
2024-05-17 20:08:12,7150581048CD8542,171597429212369272,Wave Breakdown,"{""Enemy Groups"":""Enemy Cheeses,Whipped Cream"",""Money Earned"":""27"",""Wave Number"":""2"",""Wave Type"":""Normal""}",{},Windows,Windows 10  (10.0.19045) 64bit,en-us,1,,,,US,United States,New York
2024-05-17 20:08:12,7150581048CD8542,171597429212369272,Wave Breakdown,"{""Enemy Groups"":""Toma Toe"",""Money Earned"":""10"",""Wave Number"":""1"",""Wave Type"":""Normal""}",{},Windows,Windows 10  (10.0.19045) 64bit,en-us,1,,,,US,United States,New York
2024-05-17 20:08:12,7150581048CD8542,171597429212369272,Number Of Waves Revealed,"{""Reveal Amount"":""1""}",{},Windows,Windows 10  (10.0.19045) 64bit,en-us,1,,,,US,United States,New York
2024-05-17 20:08:11,7150581048CD8542,171597429212369272,Weapon Chosen,"{""Weapon Chosen"":""Wine Glass Cannon""}",{},Windows,Windows 10  (10.0.19045) 64bit,en-us,1,,,,US,United States,New York
2024-05-17 20:08:11,7150581048CD8542,171597429212369272,Weapon Chosen,"{""Weapon Chosen"":""Shotgun Espresso""}",{},Windows,Windows 10  (10.0.19045) 64bit,en-us,1,,,,US,United States,New York
2024-05-17 20:08:11,7150581048CD8542,171597429212369272,Weapon Chosen,"{""Weapon Chosen"":""Chef's Knife""}",{},Windows,Windows 10  (10.0.19045) 64bit,en-us,1,,,,US,United States,New York
2024-05-17 20:08:11,7150581048CD8542,171597429212369272,Weapon Chosen,"{""Weapon Chosen"":""Shotgun Espresso""}",{},Windows,Windows 10  (10.0.19045) 64bit,en-us,1,,,,US,United States,New York
2024-05-17 20:08:11,7150581048CD8542,171597429212369272,Weapon Chosen,"{""Weapon Chosen"":""Carrot M82""}",{},Windows,Windows 10  (10.0.19045) 64bit,en-us,1,,,,US,United States,New York
2024-05-17 20:08:11,7150581048CD8542,171597429212369272,Weapon Chosen,"{""Weapon Chosen"":""Whisk""}",{},Windows,Windows 10  (10.0.19045) 64bit,en-us,1,,,,US,United States,New York
2024-05-17 20:08:11,7150581048CD8542,171597429212369272,Weapon Chosen,"{""Weapon Chosen"":""Salt Rifle""}",{},Windows,Windows 10  (10.0.19045) 64bit,en-us,1,,,,US,United States,New York
2024-05-17 20:08:11,7150581048CD8542,171597429212369272,Weapon Chosen,"{""Weapon Chosen"":""Carrot M82""}",{},Windows,Windows 10  (10.0.19045) 64bit,en-us,1,,,,US,United States,New York
2024-05-17 20:08:11,7150581048CD8542,171597429212369272,Weapon Chosen,"{""Weapon Chosen"":""Pepper Spray""}",{},Windows,Windows 10  (10.0.19045) 64bit,en-us,1,,,,US,United States,New York
2024-05-17 20:08:11,7150581048CD8542,171597429212369272,Weapon Chosen,"{""Weapon Chosen"":""Pepper Spray""}",{},Windows,Windows 10  (10.0.19045) 64bit,en-us,1,,,,US,United States,New York
2024-05-17 20:08:11,7150581048CD8542,171597429212369272,Weapon Chosen,"{""Weapon Chosen"":""Wine Glass Cannon""}",{},Windows,Windows 10  (10.0.19045) 64bit,en-us,1,,,,US,United States,New York
2024-05-17 20:08:11,7150581048CD8542,171597429212369272,Weapon Chosen,"{""Weapon Chosen"":""Salt Rifle""}",{},Windows,Windows 10  (10.0.19045) 64bit,en-us,1,,,,US,United States,New York
2024-05-17 20:08:11,7150581048CD8542,171597429212369272,Weapon Chosen,"{""Weapon Chosen"":""Salt Rifle""}",{},Windows,Windows 10  (10.0.19045) 64bit,en-us,1,,,,US,United States,New York
2024-05-17 20:08:11,7150581048CD8542,171597429212369272,Weapon Chosen,"{""Weapon Chosen"":""Wine Glass Cannon""}",{},Windows,Windows 10  (10.0.19045) 64bit,en-us,1,,,,US,United States,New York
2024-05-17 20:08:11,7150581048CD8542,171597429212369272,Weapon Chosen,"{""Weapon Chosen"":""Chef's Knife""}",{},Windows,Windows 10  (10.0.19045) 64bit,en-us,1,,,,US,United States,New York
2024-05-17 20:08:11,7150581048CD8542,171597429212369272,Weapon Chosen,"{""Weapon Chosen"":""Shotgun Espresso""}",{},Windows,Windows 10  (10.0.19045) 64bit,en-us,1,,,,US,United States,New York
2024-05-17 20:08:10,7150581048CD8542,171597429212369272,Weapons Shop,"{""Number Of Times Weapons Rerolled"":""43"",""Number Of Weapons Combined And Sold"":""10""}",{},Windows,Windows 10  (10.0.19045) 64bit,en-us,1,,,,US,United States,New York
2024-05-17 20:08:10,7150581048CD8542,171597429212369272,Weapon Chosen,"{""Weapon Chosen"":""Blowtorch""}",{},Windows,Windows 10  (10.0.19045) 64bit,en-us,1,,,,US,United States,New York
2024-05-17 20:08:10,7150581048CD8542,171597429212369272,Weapon Chosen,"{""Weapon Chosen"":""Dessert Eagle""}",{},Windows,Windows 10  (10.0.19045) 64bit,en-us,1,,,,US,United States,New York
2024-05-17 20:08:10,7150581048CD8542,171597429212369272,Weapon Chosen,"{""Weapon Chosen"":""Cleaver""}",{},Windows,Windows 10  (10.0.19045) 64bit,en-us,1,,,,US,United States,New York
2024-05-17 20:08:10,7150581048CD8542,171597429212369272,Weapon Chosen,"{""Weapon Chosen"":""Rolling Pin""}",{},Windows,Windows 10  (10.0.19045) 64bit,en-us,1,,,,US,United States,New York
2024-05-17 20:08:10,7150581048CD8542,171597429212369272,Weapon Chosen,"{""Weapon Chosen"":""Whisk""}",{},Windows,Windows 10  (10.0.19045) 64bit,en-us,1,,,,US,United States,New York
2024-05-17 20:08:10,7150581048CD8542,171597429212369272,Weapon Chosen,"{""Weapon Chosen"":""Carrot M82""}",{},Windows,Windows 10  (10.0.19045) 64bit,en-us,1,,,,US,United States,New York
2024-05-17 20:08:10,7150581048CD8542,171597429212369272,Player Death,"{""Enemy That Killed Player"":"""",""Wave That Player Died On"":""0"",""Wave Type That Player Died On"":""""}",{},Windows,Windows 10  (10.0.19045) 64bit,en-us,1,,,,US,United States,New York
2024-05-17 20:08:10,7150581048CD8542,171597429212369272,Main Menu Selections,"{""Class Selected"":""Concession Worker"",""Difficulty Selected"":""Hard""}",{},Windows,Windows 10  (10.0.19045) 64bit,en-us,1,,,,US,United States,New York
2024-05-17 20:08:10,7150581048CD8542,171597429212369272,Hiring Booth,"{""Number Of Assistants Fired"":""1"",""Number Of Times Assistants Rerolled"":""1""}",{},Windows,Windows 10  (10.0.19045) 64bit,en-us,1,,,,US,United States,New York
2024-05-17 20:08:10,7150581048CD8542,171597429212369272,Beat The Run,"{""Boss Killed"":""Couch Potato""}",{},Windows,Windows 10  (10.0.19045) 64bit,en-us,1,,,,US,United States,New York
2024-05-17 20:08:10,7150581048CD8542,171597429212369272,Assistant Chosen,"{""Assistant Chosen"":""Chubby Assistant""}",{},Windows,Windows 10  (10.0.19045) 64bit,en-us,1,,,,US,United States,New York
2024-05-17 20:08:10,7150581048CD8542,171597429212369272,Assistant Chosen,"{""Assistant Chosen"":""Fruit Assistant""}",{},Windows,Windows 10  (10.0.19045) 64bit,en-us,1,,,,US,United States,New York
2024-05-17 20:08:10,7150581048CD8542,171597429212369272,Assistant Chosen,"{""Assistant Chosen"":""Dairy Assistant""}",{},Windows,Windows 10  (10.0.19045) 64bit,en-us,1,,,,US,United States,New York
2024-05-17 20:08:10,7150581048CD8542,171597429212369272,Assistant Chosen,"{""Assistant Chosen"":""Mimic Assistant""}",{},Windows,Windows 10  (10.0.19045) 64bit,en-us,1,,,,US,United States,New York
2024-05-17 20:08:10,7150581048CD8542,171597429212369272,Assistant Chosen,"{""Assistant Chosen"":""Banker Assistant""}",{},Windows,Windows 10  (10.0.19045) 64bit,en-us,1,,,,US,United States,New York
2024-05-17 20:08:10,7150581048CD8542,171597429212369272,Amount Of Time Per Run,"{""Runtime"":""1735""}",{},Windows,Windows 10  (10.0.19045) 64bit,en-us,1,,,,US,United States,New York